region_id,region_name,year,population,birth_rate,death_rate,natural_increase_rate,migration_balance,gdp_per_capita,unemployment_rate,average_wage
0,Moscow,2010,5122162,10.28,13.2,-2.92,6543,1945837,12.91,45172
0,Moscow,2011,5207744,9.4,14.03,-4.63,37395,724212,10.15,38251
0,Moscow,2012,5107938,10.76,16.54,-5.79,49431,283610,10.09,41199
0,Moscow,2013,5126499,8.62,12.35,-3.72,56317,992274,4.03,72041
0,Moscow,2014,5440426,9.92,13.71,-3.8,77718,1595239,14.24,110008
0,Moscow,2015,5450342,11.88,11.79,0.09,67155,842155,6.01,76556
0,Moscow,2016,5542348,8.79,17.43,-8.64,5414,1667830,11.34,94255
0,Moscow,2017,5653786,13.41,11.37,2.04,69732,1321936,6.64,31038
0,Moscow,2018,5540027,12.64,15.41,-2.77,13969,1483840,12.01,78321
0,Moscow,2019,5861791,15.2,13.35,1.85,6906,394204,2.89,85458
0,Moscow,2020,5839384,13.41,13.78,-0.37,22159,338563,6.12,40316
0,Moscow,2021,5850814,14.79,17.91,-3.12,65275,535826,13.66,76237
0,Moscow,2022,5912498,9.82,14.2,-4.38,5521,1119345,7.72,46100
0,Moscow,2023,6114268,9.51,13.15,-3.64,43909,1465434,7.05,117319
0,Moscow,2024,5932792,10.34,11.3,-0.96,8860,701563,13.85,47758
1,Moscow Oblast,2010,849888,15.29,15.53,-0.24,22822,623340,7.1,45292
1,Moscow Oblast,2011,825926,10.18,16.15,-5.97,8058,534080,10.97,20663
1,Moscow Oblast,2012,813436,12.15,11.36,0.79,56820,401377,14.21,25500
1,Moscow Oblast,2013,816226,14.35,17.71,-3.36,66291,510880,9.12,29674
1,Moscow Oblast,2014,815153,8.39,14.28,-5.89,59446,733121,13.59,51195
1,Moscow Oblast,2015,830834,9.67,17.5,-7.83,5379,254525,9.36,47675
1,Moscow Oblast,2016,836775,13.1,11.99,1.11,29404,635219,10.62,53968
1,Moscow Oblast,2017,869636,10.06,12.95,-2.89,77975,405513,13.65,45245
1,Moscow Oblast,2018,848218,15.03,14.51,0.52,19643,619593,6.01,20972
1,Moscow Oblast,2019,850445,14.85,17.52,-2.67,6159,753407,7.85,58666
1,Moscow Oblast,2020,888390,14.54,14.24,0.3,68835,355999,4.62,42272
1,Moscow Oblast,2021,885818,12.4,11.72,0.68,70802,631499,11.21,48099
1,Moscow Oblast,2022,869354,11.29,16.25,-4.96,70030,743606,8.89,40060
1,Moscow Oblast,2023,906916,13.63,16.35,-2.72,33168,211088,9.73,21437
1,Moscow Oblast,2024,917437,10.63,15.39,-4.75,7287,174276,12.78,34407
2,St. Petersburg,2010,712258,12.89,11.63,1.26,45547,564329,11.58,59034
2,St. Petersburg,2011,719107,12.38,12.46,-0.08,37922,200996,2.82,58505
2,St. Petersburg,2012,742077,11.59,11.88,-0.29,46191,614487,10.75,31197
2,St. Petersburg,2013,731084,14.9,16.44,-1.54,36470,311025,6.95,50313
2,St. Petersburg,2014,753550,11.97,9.42,2.55,17990,432003,7.48,44634
2,St. Petersburg,2015,737698,12.56,15.06,-2.49,42735,706718,10.73,26517
2,St. Petersburg,2016,762411,8.37,15.18,-6.81,34112,568137,8.23,41824
2,St. Petersburg,2017,775839,14.84,17.26,-2.42,19684,195084,3.76,20728
2,St. Petersburg,2018,776402,8.65,12.82,-4.17,13862,602879,10.36,55098
2,St. Petersburg,2019,791708,12.96,12.86,0.11,61296,674442,14.88,36504
2,St. Petersburg,2020,805009,10.42,17.36,-6.94,61315,640452,3.79,56102
2,St. Petersburg,2021,808868,11.52,17.93,-6.41,34190,157044,13.82,23651
2,St. Petersburg,2022,803227,14.61,14.44,0.17,26990,363631,10.91,50094
2,St. Petersburg,2023,838360,13.3,14.84,-1.54,38114,727007,6.89,24682
2,St. Petersburg,2024,818075,12.24,11.88,0.36,10457,684209,11.33,23253
3,Leningrad Oblast,2010,510476,11.51,17.3,-5.79,4720,639695,7.2,23340
3,Leningrad Oblast,2011,521332,12.0,17.33,-5.34,-14772,454629,3.2,24752
3,Leningrad Oblast,2012,510091,9.9,15.62,-5.72,4243,393665,6.07,54743
3,Leningrad Oblast,2013,525301,8.99,14.89,-5.91,-2412,602236,8.18,45102
3,Leningrad Oblast,2014,530630,12.24,16.02,-3.78,-9452,272278,8.3,34134
3,Leningrad Oblast,2015,519834,14.91,18.14,-3.23,-8809,678966,11.06,26504
3,Leningrad Oblast,2016,550211,14.79,14.96,-0.17,3654,712941,3.07,21054
3,Leningrad Oblast,2017,545354,14.68,10.85,3.83,4398,697377,12.98,38747
3,Leningrad Oblast,2018,549766,11.14,17.01,-5.87,1258,799816,14.96,42217
3,Leningrad Oblast,2019,532929,11.74,11.99,-0.25,-10427,586605,10.23,34326
3,Leningrad Oblast,2020,545837,9.36,17.84,-8.48,-4596,703917,9.4,42437
3,Leningrad Oblast,2021,540097,9.86,11.65,-1.8,-918,288426,4.2,20581
3,Leningrad Oblast,2022,560259,9.91,15.07,-5.16,3083,376366,8.92,51346
3,Leningrad Oblast,2023,565722,13.42,16.45,-3.04,-5817,787021,8.66,33150
3,Leningrad Oblast,2024,549822,12.56,11.85,0.71,-12439,248736,4.24,45634
4,Krasnodar Krai,2010,989969,13.32,11.84,1.48,18275,207656,4.01,38431
4,Krasnodar Krai,2011,981190,9.87,14.23,-4.36,7948,669616,10.35,23270
4,Krasnodar Krai,2012,1000569,13.63,15.87,-2.24,32785,464939,10.23,34756
4,Krasnodar Krai,2013,997061,11.93,16.57,-4.64,43375,495873,3.84,37896
4,Krasnodar Krai,2014,981971,10.35,13.19,-2.84,13982,728842,9.92,47164
4,Krasnodar Krai,2015,998418,13.19,14.76,-1.56,49013,634535,7.9,25103
4,Krasnodar Krai,2016,1008475,12.01,14.02,-2.01,12633,249358,5.57,26427
4,Krasnodar Krai,2017,1044070,9.3,16.9,-7.6,11017,490932,7.63,59295
4,Krasnodar Krai,2018,1033511,14.35,16.65,-2.31,17816,584618,14.12,42270
4,Krasnodar Krai,2019,1060318,12.68,11.78,0.91,29275,426533,8.85,29696
4,Krasnodar Krai,2020,1056095,9.92,15.02,-5.1,44944,183685,6.71,25376
4,Krasnodar Krai,2021,1031177,8.61,16.3,-7.69,62017,537165,8.39,36473
4,Krasnodar Krai,2022,1075211,13.8,18.01,-4.22,75375,267801,3.33,49644
4,Krasnodar Krai,2023,1056235,12.17,16.65,-4.47,20122,256376,4.55,52582
4,Krasnodar Krai,2024,1081625,11.87,17.98,-6.11,37935,395013,8.28,32055
5,Tatarstan,2010,3732571,9.89,15.38,-5.49,3129,555754,3.96,57593
5,Tatarstan,2011,3624857,9.98,17.0,-7.02,2877,662588,4.4,32468
5,Tatarstan,2012,3875930,10.87,17.42,-6.55,-8158,683817,3.88,53858
5,Tatarstan,2013,3660139,13.19,12.58,0.61,-599,566745,11.17,41708
5,Tatarstan,2014,3585285,9.61,17.0,-7.39,-3332,410553,8.28,57891
5,Tatarstan,2015,3645806,11.23,15.36,-4.13,-1066,749624,11.34,26101
5,Tatarstan,2016,3650795,11.58,17.48,-5.9,3687,751619,8.14,24529
5,Tatarstan,2017,3575797,12.89,13.68,-0.79,1057,153010,6.67,35926
5,Tatarstan,2018,3515002,11.88,13.87,-1.99,-249,443941,5.31,38097
5,Tatarstan,2019,3501627,11.6,13.77,-2.17,-3388,560971,2.66,46541
5,Tatarstan,2020,3541403,9.26,17.86,-8.61,-4956,537000,3.34,49998
5,Tatarstan,2021,3480545,9.76,12.31,-2.55,-3703,192710,12.19,38131
5,Tatarstan,2022,3403647,10.87,14.05,-3.18,-11895,268253,13.27,57844
5,Tatarstan,2023,3319326,12.3,14.52,-2.22,-14458,294281,5.39,46875
5,Tatarstan,2024,3476302,8.68,12.16,-3.48,-1945,304818,3.74,29726
6,Bashkortostan,2010,3612836,13.42,12.85,0.57,-14739,205580,5.1,21061
6,Bashkortostan,2011,3621614,8.84,18.48,-9.64,1348,372181,5.74,35187
6,Bashkortostan,2012,3535638,12.86,12.41,0.45,-9110,766494,12.05,25604
6,Bashkortostan,2013,3778318,14.63,16.58,-1.95,-6495,164605,5.86,41665
6,Bashkortostan,2014,3560747,9.78,16.86,-7.08,-11566,326999,2.73,56571
6,Bashkortostan,2015,3689988,8.45,15.27,-6.81,-1971,689332,5.08,20439
6,Bashkortostan,2016,3688407,12.89,14.37,-1.47,-4621,180527,4.58,49521
6,Bashkortostan,2017,3580684,8.32,14.13,-5.81,-9226,381187,11.49,31884
6,Bashkortostan,2018,3609970,14.13,16.96,-2.83,-14376,320471,9.94,22057
6,Bashkortostan,2019,3736579,10.88,17.09,-6.21,-12868,198839,11.6,39819
6,Bashkortostan,2020,3643826,11.01,17.18,-6.17,-9557,533649,7.01,23663
6,Bashkortostan,2021,3767112,13.8,14.63,-0.83,2458,625946,12.58,46351
6,Bashkortostan,2022,3762098,10.35,14.73,-4.37,-11388,519164,13.94,21357
6,Bashkortostan,2023,3720925,13.26,17.65,-4.39,3885,458239,13.28,53781
6,Bashkortostan,2024,3780327,8.48,14.87,-6.39,-13460,602587,6.75,48990
7,Sverdlovsk Oblast,2010,417647,11.68,16.11,-4.43,2719,550311,5.41,20976
7,Sverdlovsk Oblast,2011,415836,15.14,16.23,-1.09,-5402,557878,13.42,59363
7,Sverdlovsk Oblast,2012,421683,12.65,14.93,-2.28,-10224,221808,6.93,31489
7,Sverdlovsk Oblast,2013,397016,8.39,11.1,-2.71,-7313,591770,5.23,57998
7,Sverdlovsk Oblast,2014,402118,13.53,16.58,-3.05,3894,453810,10.17,26681
7,Sverdlovsk Oblast,2015,396709,12.7,14.14,-1.45,-10590,271184,12.24,34005
7,Sverdlovsk Oblast,2016,386454,8.69,15.49,-6.8,-1079,250032,12.7,28977
7,Sverdlovsk Oblast,2017,387435,11.6,14.63,-3.04,2774,771173,13.28,52380
7,Sverdlovsk Oblast,2018,378237,12.33,13.93,-1.6,-7546,318839,11.54,39835
7,Sverdlovsk Oblast,2019,372675,14.14,16.23,-2.09,1493,376075,10.98,42629
7,Sverdlovsk Oblast,2020,368060,10.36,15.82,-5.47,2011,713741,11.35,53480
7,Sverdlovsk Oblast,2021,375342,13.11,16.15,-3.05,-8297,633280,4.51,52718
7,Sverdlovsk Oblast,2022,364114,13.8,13.01,0.78,-2661,787771,10.4,30392
7,Sverdlovsk Oblast,2023,363280,14.65,11.92,2.73,4259,372216,10.41,57281
7,Sverdlovsk Oblast,2024,365482,9.25,11.76,-2.51,-8980,610311,3.34,43286
8,Rostov Oblast,2010,1774763,13.62,12.27,1.35,-1334,439836,5.92,59884
8,Rostov Oblast,2011,1784441,10.66,16.44,-5.78,-1126,293500,3.53,47219
8,Rostov Oblast,2012,1733243,15.12,12.51,2.6,-6605,565041,7.47,30968
8,Rostov Oblast,2013,1767315,15.34,12.47,2.88,-10737,170237,10.65,34741
8,Rostov Oblast,2014,1760003,15.35,12.54,2.81,418,699109,12.01,45048
8,Rostov Oblast,2015,1771039,9.98,14.71,-4.74,-12653,231370,11.07,37212
8,Rostov Oblast,2016,1745746,8.2,15.66,-7.46,-8792,445893,2.65,22897
8,Rostov Oblast,2017,1716624,12.29,12.69,-0.41,-1100,709079,12.25,21584
8,Rostov Oblast,2018,1698053,10.05,17.9,-7.85,-2636,606602,9.5,20390
8,Rostov Oblast,2019,1683852,10.18,13.48,-3.3,-14335,201076,7.46,25308
8,Rostov Oblast,2020,1777769,14.02,13.38,0.64,-14368,758537,3.15,41651
8,Rostov Oblast,2021,1739979,13.31,17.09,-3.78,-8210,679636,3.5,55792
8,Rostov Oblast,2022,1745549,11.54,16.72,-5.18,-13367,189228,5.59,26381
8,Rostov Oblast,2023,1699826,13.65,16.16,-2.51,-1825,473827,9.44,48768
8,Rostov Oblast,2024,1686825,9.86,15.58,-5.72,2365,622659,11.78,37019
9,Nizhny Novgorod Oblast,2010,1735176,14.14,17.48,-3.34,-5266,717725,13.76,36868
9,Nizhny Novgorod Oblast,2011,1798999,13.64,13.51,0.13,-337,235518,11.45,56361
9,Nizhny Novgorod Oblast,2012,1805277,9.83,14.24,-4.41,-10055,715987,8.07,40592
9,Nizhny Novgorod Oblast,2013,1777876,8.69,12.83,-4.14,469,235067,14.62,38151
9,Nizhny Novgorod Oblast,2014,1759225,8.99,16.98,-7.99,-6382,311664,10.21,48271
9,Nizhny Novgorod Oblast,2015,1689011,8.56,15.93,-7.37,1883,673685,9.82,54730
9,Nizhny Novgorod Oblast,2016,1752519,9.67,11.01,-1.34,-4376,758793,2.99,24884
9,Nizhny Novgorod Oblast,2017,1688977,10.51,15.19,-4.68,-5905,485137,8.61,46674
9,Nizhny Novgorod Oblast,2018,1658146,8.94,16.17,-7.23,4398,211035,10.91,37750
9,Nizhny Novgorod Oblast,2019,1622863,13.11,16.97,-3.86,-5056,551600,13.36,42824
9,Nizhny Novgorod Oblast,2020,1623369,8.8,16.05,-7.25,-10686,578275,7.42,46049
9,Nizhny Novgorod Oblast,2021,1603972,14.62,11.29,3.33,2415,658550,9.59,49537
9,Nizhny Novgorod Oblast,2022,1587595,13.37,15.02,-1.65,1156,645485,12.47,37423
9,Nizhny Novgorod Oblast,2023,1555628,12.1,10.27,1.83,-7076,602053,7.36,37947
9,Nizhny Novgorod Oblast,2024,1499121,9.4,11.09,-1.69,-2931,584338,10.24,38539
10,Samara Oblast,2010,1862926,9.81,12.42,-2.6,-3396,496841,10.1,50595
10,Samara Oblast,2011,1899422,13.66,17.76,-4.11,-13794,757383,6.9,24056
10,Samara Oblast,2012,1900558,10.3,13.28,-2.97,-8773,546716,11.45,30904
10,Samara Oblast,2013,2025132,11.12,15.66,-4.54,-11371,491356,11.36,24275
10,Samara Oblast,2014,1910527,14.98,14.54,0.44,-14131,561548,14.39,44064
10,Samara Oblast,2015,2030448,13.68,12.77,0.92,-2780,417168,13.0,56000
10,Samara Oblast,2016,1930404,13.23,12.72,0.51,-1649,212097,10.3,38070
10,Samara Oblast,2017,2032267,12.58,16.53,-3.95,-10665,212214,2.8,45678
10,Samara Oblast,2018,2024211,11.11,13.67,-2.56,4755,238685,11.19,36172
10,Samara Oblast,2019,2091696,11.77,18.71,-6.94,-12432,217671,11.55,43135
10,Samara Oblast,2020,1977114,8.95,16.85,-7.9,-10466,380747,3.37,40762
10,Samara Oblast,2021,1954878,8.63,15.27,-6.64,2601,573070,9.16,32973
10,Samara Oblast,2022,2047605,14.36,16.8,-2.45,-5695,189092,9.53,58305
10,Samara Oblast,2023,2018474,9.14,15.19,-6.05,-13066,442741,11.95,33902
10,Samara Oblast,2024,2048627,14.83,11.88,2.95,4849,752550,9.25,53681
11,Chelyabinsk Oblast,2010,2635907,8.82,17.04,-8.22,640,610684,2.95,32125
11,Chelyabinsk Oblast,2011,2599478,8.4,16.27,-7.87,-7060,440681,10.01,40627
11,Chelyabinsk Oblast,2012,2656060,14.6,16.96,-2.36,-10829,754886,3.95,52697
11,Chelyabinsk Oblast,2013,2665868,14.0,16.17,-2.18,-13381,411937,4.67,47798
11,Chelyabinsk Oblast,2014,2657914,10.77,16.88,-6.1,-12349,710309,14.03,39482
11,Chelyabinsk Oblast,2015,2666854,9.92,13.77,-3.86,-7649,194312,2.82,25406
11,Chelyabinsk Oblast,2016,2567498,15.01,14.07,0.95,-8763,478992,7.99,24226
11,Chelyabinsk Oblast,2017,2509650,12.83,15.4,-2.57,-13836,796663,3.22,47801
11,Chelyabinsk Oblast,2018,2636872,14.61,11.56,3.05,-8934,215679,11.15,22491
11,Chelyabinsk Oblast,2019,2557425,13.79,15.97,-2.18,-4459,426954,4.13,55464
11,Chelyabinsk Oblast,2020,2462622,11.17,13.08,-1.91,1550,626849,12.12,20441
11,Chelyabinsk Oblast,2021,2497667,7.33,12.44,-5.11,-4293,289881,2.65,29648
11,Chelyabinsk Oblast,2022,2535370,14.35,14.81,-0.47,-5912,698832,3.73,39529
11,Chelyabinsk Oblast,2023,2482358,12.85,13.37,-0.52,-5811,660260,13.65,58213
11,Chelyabinsk Oblast,2024,2413048,14.19,13.28,0.91,-9906,696566,2.98,56070
12,Voronezh Oblast,2010,2396284,12.79,15.32,-2.53,-11996,629331,8.9,47209
12,Voronezh Oblast,2011,2316194,8.89,11.19,-2.3,-13574,157870,14.46,49500
12,Voronezh Oblast,2012,2278957,10.29,15.69,-5.4,-11517,213957,10.75,50574
12,Voronezh Oblast,2013,2357561,10.53,14.59,-4.07,-10886,228901,10.19,50985
12,Voronezh Oblast,2014,2344213,9.86,17.33,-7.47,4599,541223,9.78,49922
12,Voronezh Oblast,2015,2356510,13.35,13.62,-0.27,3561,296000,7.15,37283
12,Voronezh Oblast,2016,2398918,14.08,12.53,1.55,2738,569777,6.07,52637
12,Voronezh Oblast,2017,2282079,14.52,13.65,0.86,1839,623518,12.21,46246
12,Voronezh Oblast,2018,2293718,14.25,17.84,-3.59,1355,288782,8.82,53628
12,Voronezh Oblast,2019,2246491,14.41,15.31,-0.9,-9049,517264,11.11,54932
12,Voronezh Oblast,2020,2325353,9.88,14.08,-4.21,1001,282623,9.44,49322
12,Voronezh Oblast,2021,2219249,12.25,15.71,-3.46,-3915,153399,12.01,21412
12,Voronezh Oblast,2022,2213168,15.05,12.95,2.1,-8887,719822,14.95,34732
12,Voronezh Oblast,2023,2219721,11.71,15.39,-3.68,-7169,418204,11.2,20128
12,Voronezh Oblast,2024,2162148,14.29,11.26,3.03,-2153,192154,9.75,42459
13,Perm Krai,2010,2992910,12.58,17.35,-4.77,-5034,200087,3.23,33369
13,Perm Krai,2011,2872707,14.1,13.82,0.28,-8436,432112,3.61,28824
13,Perm Krai,2012,2808407,12.48,14.35,-1.87,-2276,660673,3.98,36396
13,Perm Krai,2013,2784592,12.76,14.77,-2.01,-8309,167027,2.8,53267
13,Perm Krai,2014,2729181,9.33,17.7,-8.38,-9814,429276,13.41,53677
13,Perm Krai,2015,2806514,11.21,14.36,-3.15,-6262,624180,12.07,26356
13,Perm Krai,2016,2862312,12.66,15.2,-2.53,4132,194822,3.21,31287
13,Perm Krai,2017,2702448,13.98,13.39,0.59,-6005,654861,3.32,39502
13,Perm Krai,2018,2693266,8.77,13.09,-4.32,-8053,734891,2.77,46551
13,Perm Krai,2019,2727438,14.85,10.27,4.58,-383,787843,5.71,46166
13,Perm Krai,2020,2681728,9.12,19.49,-10.37,-2829,377179,3.93,26049
13,Perm Krai,2021,2657466,13.62,14.22,-0.59,2202,619829,3.35,48313
13,Perm Krai,2022,2687152,11.99,13.81,-1.82,-11684,764703,13.12,46760
13,Perm Krai,2023,2544444,12.23,14.83,-2.61,1128,448505,3.15,51451
13,Perm Krai,2024,2618842,9.45,12.95,-3.5,135,487600,5.06,55113
14,Volgograd Oblast,2010,4384213,14.12,17.02,-2.9,-4225,473578,3.82,46271
14,Volgograd Oblast,2011,4410854,14.5,17.35,-2.86,-10924,490164,6.09,51714
14,Volgograd Oblast,2012,4591333,14.23,13.82,0.41,-11840,602334,12.42,32670
14,Volgograd Oblast,2013,4508948,13.94,18.22,-4.28,-12185,281310,4.8,55759
14,Volgograd Oblast,2014,4356321,11.57,15.32,-3.75,4342,421544,14.8,46716
14,Volgograd Oblast,2015,4574653,12.03,10.91,1.12,-3804,492809,11.49,55610
14,Volgograd Oblast,2016,4474171,9.54,17.13,-7.58,-795,354327,8.39,52865
14,Volgograd Oblast,2017,4582362,11.44,15.23,-3.79,-8295,262945,11.4,53039
14,Volgograd Oblast,2018,4451213,9.24,14.57,-5.33,-1977,553603,6.9,53657
14,Volgograd Oblast,2019,4451595,11.58,11.98,-0.4,-1476,361317,11.08,22785
14,Volgograd Oblast,2020,4513813,9.85,17.47,-7.62,-1116,483225,6.32,28505
14,Volgograd Oblast,2021,4375264,9.23,16.65,-7.42,2424,647942,12.36,46599
14,Volgograd Oblast,2022,4541155,12.74,14.83,-2.09,-5792,711966,9.33,35216
14,Volgograd Oblast,2023,4424239,14.76,10.63,4.12,-201,746749,6.0,54333
14,Volgograd Oblast,2024,4566532,13.27,15.98,-2.71,1587,332988,13.41,24503
15,Saratov Oblast,2010,3625123,8.18,14.98,-6.8,-9055,344947,11.79,21925
15,Saratov Oblast,2011,3592058,15.16,12.22,2.93,891,172535,9.79,59817
15,Saratov Oblast,2012,3490384,13.7,16.84,-3.15,-3020,224706,3.67,56385
15,Saratov Oblast,2013,3547370,14.46,13.11,1.35,-8661,432487,12.17,44076
15,Saratov Oblast,2014,3503817,15.35,14.64,0.71,-3166,606711,5.47,40494
15,Saratov Oblast,2015,3417638,11.25,15.65,-4.4,-128,479072,10.43,22837
15,Saratov Oblast,2016,3449912,9.93,9.77,0.16,-12199,329929,14.64,33253
15,Saratov Oblast,2017,3294803,12.43,13.02,-0.59,-14889,154981,5.24,21468
15,Saratov Oblast,2018,3269993,9.74,14.6,-4.86,-4746,340767,14.15,35880
15,Saratov Oblast,2019,3360613,8.86,14.17,-5.31,-5129,606468,14.91,25259
15,Saratov Oblast,2020,3326068,9.6,12.58,-2.98,3152,614121,10.1,32374
15,Saratov Oblast,2021,3271187,10.25,12.55,-2.3,-12710,399495,8.2,34762
15,Saratov Oblast,2022,3340550,10.05,11.15,-1.11,-13396,380601,14.27,46742
15,Saratov Oblast,2023,3189310,13.06,11.57,1.5,-2748,717904,11.55,24822
15,Saratov Oblast,2024,3254386,14.4,11.47,2.92,-14765,424322,6.19,39440
16,Tyumen Oblast,2010,2937641,10.22,16.78,-6.57,-1150,429455,10.91,31015
16,Tyumen Oblast,2011,2958060,10.36,17.59,-7.23,1448,707415,13.96,37239
16,Tyumen Oblast,2012,2984350,10.04,15.93,-5.89,-7508,258459,7.88,25703
16,Tyumen Oblast,2013,3008772,13.8,10.88,2.93,-2083,563986,6.76,22868
16,Tyumen Oblast,2014,2847981,12.5,14.38,-1.88,4760,445101,11.1,25622
16,Tyumen Oblast,2015,2916984,11.66,17.42,-5.76,-7315,175347,2.89,35519
16,Tyumen Oblast,2016,2941418,11.18,17.79,-6.61,-2941,687359,14.8,31536
16,Tyumen Oblast,2017,2941717,13.98,12.34,1.64,-4171,250194,9.42,41668
16,Tyumen Oblast,2018,3004117,11.61,12.56,-0.95,-13847,372591,5.88,58656
16,Tyumen Oblast,2019,2934155,12.61,10.7,1.91,-6119,557052,8.61,36071
16,Tyumen Oblast,2020,3041363,13.51,12.08,1.43,-5489,502965,5.35,58561
16,Tyumen Oblast,2021,2974319,14.54,18.33,-3.78,-12386,663831,4.06,51768
16,Tyumen Oblast,2022,3022554,14.45,12.31,2.15,-5331,711305,9.86,35013
16,Tyumen Oblast,2023,2988504,10.68,13.2,-2.52,-4774,470011,9.72,54623
16,Tyumen Oblast,2024,2991788,14.02,16.74,-2.72,-10990,221021,13.17,37565
17,Krasnoyarsk Krai,2010,4257762,8.84,15.28,-6.44,-2468,752148,2.74,39073
17,Krasnoyarsk Krai,2011,4355813,13.48,11.26,2.21,1088,331193,5.13,58297
17,Krasnoyarsk Krai,2012,4152134,8.29,11.7,-3.41,-242,692193,11.76,25714
17,Krasnoyarsk Krai,2013,4348403,13.16,16.61,-3.45,-13227,466958,3.47,36301
17,Krasnoyarsk Krai,2014,4381666,11.05,11.39,-0.34,1164,765997,3.4,58204
17,Krasnoyarsk Krai,2015,4136989,9.11,14.97,-5.86,-13995,197386,7.54,31811
17,Krasnoyarsk Krai,2016,4390656,10.45,17.06,-6.62,-6897,738972,6.52,39057
17,Krasnoyarsk Krai,2017,4374769,14.24,16.18,-1.93,-12541,727628,8.79,37973
17,Krasnoyarsk Krai,2018,4216582,11.98,15.91,-3.93,-10161,614069,12.78,52158
17,Krasnoyarsk Krai,2019,4432027,10.81,16.41,-5.6,-9314,236988,10.37,22173
17,Krasnoyarsk Krai,2020,4196188,13.05,12.94,0.11,-860,190748,12.99,20152
17,Krasnoyarsk Krai,2021,4432177,10.12,10.77,-0.65,1854,353676,12.36,55674
17,Krasnoyarsk Krai,2022,4298763,11.21,18.28,-7.07,-13214,596562,8.67,35505
17,Krasnoyarsk Krai,2023,4505191,8.99,12.84,-3.85,4320,644674,14.38,48101
17,Krasnoyarsk Krai,2024,4499288,10.54,15.31,-4.77,-14036,384032,14.46,40016
18,Novosibirsk Oblast,2010,2195924,10.29,11.05,-0.76,1443,702726,5.15,46294
18,Novosibirsk Oblast,2011,2265320,11.43,16.0,-4.57,-2844,341945,4.21,46065
18,Novosibirsk Oblast,2012,2144572,13.25,13.14,0.12,2804,336816,7.1,22323
18,Novosibirsk Oblast,2013,2191484,8.35,16.93,-8.58,-14706,396411,6.72,20773
18,Novosibirsk Oblast,2014,2135530,11.21,15.52,-4.31,-14801,451661,14.54,40761
18,Novosibirsk Oblast,2015,2160357,13.43,15.9,-2.47,-4574,784408,4.07,20677
18,Novosibirsk Oblast,2016,2137157,9.58,12.93,-3.35,-8038,391630,2.52,31992
18,Novosibirsk Oblast,2017,2155504,13.04,14.68,-1.64,-7039,346895,3.32,29129
18,Novosibirsk Oblast,2018,2068560,12.54,14.33,-1.79,4255,199143,7.07,29015
18,Novosibirsk Oblast,2019,2064585,9.94,15.77,-5.83,-3434,245525,12.64,45438
18,Novosibirsk Oblast,2020,2101924,9.68,13.25,-3.57,-5600,728591,11.35,22488
18,Novosibirsk Oblast,2021,2038922,8.91,17.6,-8.68,-4406,307230,8.76,47184
18,Novosibirsk Oblast,2022,1995181,13.57,12.67,0.9,-14122,257737,8.07,28367
18,Novosibirsk Oblast,2023,2046552,9.05,12.95,-3.9,4212,278001,14.39,59792
18,Novosibirsk Oblast,2024,1905739,11.57,15.29,-3.72,4623,273569,12.41,56315
19,Kemerovo Oblast,2010,4661591,11.85,15.16,-3.31,-10053,566399,10.83,26507
19,Kemerovo Oblast,2011,4883835,11.92,10.21,1.71,-8566,701227,11.61,23815
19,Kemerovo Oblast,2012,4819613,11.28,15.3,-4.02,-12629,337775,7.47,56781
19,Kemerovo Oblast,2013,4719008,11.71,14.97,-3.26,750,313150,9.55,34343
19,Kemerovo Oblast,2014,4896969,12.41,17.01,-4.6,-12963,478872,5.26,21557
19,Kemerovo Oblast,2015,4780226,15.02,16.45,-1.43,-4666,643204,6.03,34122
19,Kemerovo Oblast,2016,4687375,15.02,14.05,0.97,-5049,283042,9.89,27445
19,Kemerovo Oblast,2017,4944298,9.64,9.68,-0.04,1217,693286,6.65,47744
19,Kemerovo Oblast,2018,4896983,13.04,17.43,-4.39,-4218,333607,7.82,21502
19,Kemerovo Oblast,2019,4931154,8.26,13.44,-5.19,4461,296981,6.3,32157
19,Kemerovo Oblast,2020,4920065,10.61,17.51,-6.91,-6547,346905,6.57,48504
19,Kemerovo Oblast,2021,4890541,11.14,16.9,-5.75,-3187,579659,3.48,41779
19,Kemerovo Oblast,2022,5097142,13.35,14.69,-1.34,4044,177574,5.82,44062
19,Kemerovo Oblast,2023,5080684,12.93,13.11,-0.18,-7614,756401,12.84,47888
19,Kemerovo Oblast,2024,5306653,13.55,15.81,-2.26,-420,710099,5.93,52282
20,Irkutsk Oblast,2010,1065967,13.62,14.93,-1.32,-7389,255972,12.33,49377
20,Irkutsk Oblast,2011,1058640,10.97,12.96,-2.0,-902,681133,9.33,58681
20,Irkutsk Oblast,2012,1032939,12.84,17.38,-4.54,-3945,407759,4.15,54611
20,Irkutsk Oblast,2013,1010312,8.96,16.39,-7.43,-1545,667842,5.63,44994
20,Irkutsk Oblast,2014,1033917,14.52,10.83,3.69,-4022,336961,6.33,34118
20,Irkutsk Oblast,2015,1000837,13.15,13.22,-0.08,-13632,659443,6.07,37310
20,Irkutsk Oblast,2016,964599,9.49,13.73,-4.24,-1570,560983,4.99,36733
20,Irkutsk Oblast,2017,985206,13.23,12.56,0.67,-6359,787239,3.34,40748
20,Irkutsk Oblast,2018,959886,12.83,14.64,-1.81,-7047,321779,5.07,39321
20,Irkutsk Oblast,2019,935645,10.72,16.88,-6.16,-2927,200036,3.44,58056
20,Irkutsk Oblast,2020,932227,12.26,14.46,-2.2,-14697,777259,5.64,47041
20,Irkutsk Oblast,2021,947282,12.31,13.55,-1.24,-3046,712962,14.33,24236
20,Irkutsk Oblast,2022,931388,9.99,15.85,-5.86,-6836,160006,9.79,30124
20,Irkutsk Oblast,2023,932061,11.37,17.23,-5.86,-11229,587099,14.71,24075
20,Irkutsk Oblast,2024,899980,9.01,16.15,-7.13,-9825,432362,11.54,20362
21,Omsk Oblast,2010,3037694,13.05,10.96,2.09,-11014,720355,11.73,20549
21,Omsk Oblast,2011,2927751,9.91,12.69,-2.77,-345,544375,10.91,23245
21,Omsk Oblast,2012,2918112,14.89,17.08,-2.19,3654,503765,5.0,44671
21,Omsk Oblast,2013,2997896,12.33,11.96,0.38,-3311,499915,5.86,34737
21,Omsk Oblast,2014,2920641,14.87,14.63,0.24,-2395,311449,11.32,37104
21,Omsk Oblast,2015,3035561,14.2,11.06,3.14,-6121,164243,6.26,40105
21,Omsk Oblast,2016,2955555,9.26,11.73,-2.46,288,416286,10.69,30409
21,Omsk Oblast,2017,2875905,8.82,12.85,-4.03,1282,595337,3.88,31567
21,Omsk Oblast,2018,2898118,10.56,13.59,-3.02,-7862,379962,12.86,51571
21,Omsk Oblast,2019,2896557,14.57,13.35,1.22,3822,719607,3.78,35709
21,Omsk Oblast,2020,2725154,11.4,17.02,-5.63,-1461,694640,13.23,49934
21,Omsk Oblast,2021,2955167,8.98,16.1,-7.13,-10408,226408,4.57,20079
21,Omsk Oblast,2022,2773263,13.23,13.35,-0.12,-13328,162433,4.57,55634
21,Omsk Oblast,2023,2772078,8.56,14.26,-5.7,-10092,187525,7.39,29368
21,Omsk Oblast,2024,2823095,9.98,15.21,-5.23,-6684,428813,9.26,47857
22,Arkhangelsk Oblast,2010,3353877,14.16,14.71,-0.55,-2887,226182,6.72,25713
22,Arkhangelsk Oblast,2011,3490874,12.76,16.37,-3.61,-10913,480073,7.74,20724
22,Arkhangelsk Oblast,2012,3609957,12.03,16.02,-3.99,1722,683902,13.04,39403
22,Arkhangelsk Oblast,2013,3495035,10.55,13.29,-2.74,2099,723663,8.33,23027
22,Arkhangelsk Oblast,2014,3405496,14.13,13.02,1.11,4361,193267,10.6,22964
22,Arkhangelsk Oblast,2015,3124055,10.79,18.92,-8.13,-3818,358755,5.25,34020
22,Arkhangelsk Oblast,2016,3179465,10.81,14.88,-4.07,-824,155436,5.22,46467
22,Arkhangelsk Oblast,2017,3249899,11.78,12.52,-0.74,330,529413,12.27,50069
22,Arkhangelsk Oblast,2018,3124545,10.12,16.68,-6.56,-11602,276733,13.63,49999
22,Arkhangelsk Oblast,2019,3113174,14.67,16.59,-1.91,2782,526224,10.4,26259
22,Arkhangelsk Oblast,2020,3131449,10.15,11.65,-1.5,-10701,426153,13.85,40282
22,Arkhangelsk Oblast,2021,2927934,9.83,13.34,-3.51,1436,578681,12.45,30877
22,Arkhangelsk Oblast,2022,2863955,15.05,14.63,0.42,-11181,601516,5.23,43812
22,Arkhangelsk Oblast,2023,2830316,10.74,16.82,-6.08,217,272019,3.6,47957
22,Arkhangelsk Oblast,2024,2779420,7.72,13.06,-5.34,-14220,583450,6.54,55916
23,Murmansk Oblast,2010,4312455,14.12,15.49,-1.37,-13654,211696,14.99,33065
23,Murmansk Oblast,2011,4465528,14.38,17.27,-2.89,-14551,384277,12.3,42647
23,Murmansk Oblast,2012,4325521,9.93,11.58,-1.65,287,555433,12.03,21557
23,Murmansk Oblast,2013,4328383,12.71,15.55,-2.84,-3380,793941,11.96,37691
23,Murmansk Oblast,2014,4332892,12.42,14.79,-2.37,3563,753940,6.77,41107
23,Murmansk Oblast,2015,4246277,12.8,12.74,0.06,-1449,392529,14.27,26694
23,Murmansk Oblast,2016,4102124,12.31,16.29,-3.99,-9494,251534,10.45,43972
23,Murmansk Oblast,2017,4140959,11.02,15.44,-4.42,-14617,656416,10.12,47985
23,Murmansk Oblast,2018,4073968,13.46,15.96,-2.5,-11926,522194,5.96,56852
23,Murmansk Oblast,2019,4138620,11.59,11.31,0.28,-13308,544450,13.51,55316
23,Murmansk Oblast,2020,3915105,13.0,16.96,-3.97,-11066,629326,6.08,52105
23,Murmansk Oblast,2021,3923673,15.24,13.89,1.34,4506,681033,13.16,57518
23,Murmansk Oblast,2022,3842419,8.72,12.35,-3.63,-10412,454919,5.86,24039
23,Murmansk Oblast,2023,3792265,14.7,16.27,-1.57,-9432,668890,6.58,31975
23,Murmansk Oblast,2024,3802675,9.82,13.08,-3.26,-1520,190667,5.13,52360
24,Vologda Oblast,2010,819401,10.04,14.69,-4.65,-3386,478580,4.3,44959
24,Vologda Oblast,2011,815423,9.86,14.2,-4.34,-8870,684547,3.21,36744
24,Vologda Oblast,2012,829140,12.07,16.01,-3.94,-8722,499714,13.0,59578
24,Vologda Oblast,2013,797954,13.69,14.08,-0.39,-167,470169,8.54,53529
24,Vologda Oblast,2014,797957,10.96,14.39,-3.43,-12479,277672,14.39,27019
24,Vologda Oblast,2015,769861,12.01,17.39,-5.38,-10403,509230,7.15,46466
24,Vologda Oblast,2016,768569,9.16,12.52,-3.37,1514,335709,14.09,58797
24,Vologda Oblast,2017,748345,12.04,15.89,-3.85,-7652,206561,9.46,53804
24,Vologda Oblast,2018,739907,13.11,12.83,0.29,-10006,321110,2.51,54826
24,Vologda Oblast,2019,734750,14.33,12.55,1.78,-5833,378292,3.67,39445
24,Vologda Oblast,2020,717159,9.71,15.79,-6.08,211,250419,8.59,37199
24,Vologda Oblast,2021,691848,12.97,11.94,1.03,-14390,282891,6.76,40423
24,Vologda Oblast,2022,725204,11.92,13.05,-1.13,1783,254441,2.81,37961
24,Vologda Oblast,2023,730419,10.17,12.34,-2.17,-11530,396838,12.52,35683
24,Vologda Oblast,2024,690518,13.7,13.14,0.56,3582,401759,3.33,20766
25,Kaliningrad Oblast,2010,4305100,13.19,10.37,2.82,4229,584114,14.17,30619
25,Kaliningrad Oblast,2011,4253170,11.06,16.31,-5.26,-9367,776184,2.63,48641
25,Kaliningrad Oblast,2012,4172896,12.55,10.66,1.89,-6144,319681,6.79,53382
25,Kaliningrad Oblast,2013,4118576,8.81,11.87,-3.07,-11990,779249,8.08,40060
25,Kaliningrad Oblast,2014,3945803,11.14,16.0,-4.86,77,525629,13.8,52696
25,Kaliningrad Oblast,2015,3934594,11.99,17.99,-6.0,-9567,273896,4.81,33684
25,Kaliningrad Oblast,2016,3894980,11.41,14.21,-2.81,-5143,344962,9.95,37353
25,Kaliningrad Oblast,2017,4027802,10.79,16.51,-5.72,1419,518293,10.71,55935
25,Kaliningrad Oblast,2018,3944177,11.33,12.09,-0.76,-3462,451588,3.98,59222
25,Kaliningrad Oblast,2019,4019767,9.01,14.94,-5.93,-11549,519183,6.2,57532
25,Kaliningrad Oblast,2020,3880600,13.79,13.75,0.04,-13993,184297,11.15,38317
25,Kaliningrad Oblast,2021,3890764,9.48,15.8,-6.33,1413,460277,6.89,34502
25,Kaliningrad Oblast,2022,3785445,13.2,11.15,2.05,-5666,463385,13.01,28849
25,Kaliningrad Oblast,2023,3886258,13.62,12.38,1.24,3651,227118,14.17,47354
25,Kaliningrad Oblast,2024,3739751,11.94,13.49,-1.55,-11775,576666,14.64,42487
26,Novgorod Oblast,2010,3532930,12.38,17.16,-4.78,-7906,507931,7.54,53345
26,Novgorod Oblast,2011,3552268,13.01,13.75,-0.74,-12882,380683,7.66,47032
26,Novgorod Oblast,2012,3433159,11.17,12.49,-1.32,-14161,422468,4.6,55173
26,Novgorod Oblast,2013,3385550,12.13,15.02,-2.89,4162,293289,13.58,57372
26,Novgorod Oblast,2014,3360981,12.94,13.96,-1.02,-1451,428497,11.64,52978
26,Novgorod Oblast,2015,3391918,9.53,17.79,-8.26,-6373,396376,13.94,30046
26,Novgorod Oblast,2016,3220991,12.45,11.89,0.56,-14214,326799,2.58,59134
26,Novgorod Oblast,2017,3213766,15.53,12.94,2.6,-1578,673529,14.33,36008
26,Novgorod Oblast,2018,3063833,15.36,12.34,3.03,-1239,228251,14.23,27247
26,Novgorod Oblast,2019,3116260,12.19,14.11,-1.91,-6656,254146,4.64,36725
26,Novgorod Oblast,2020,3018436,9.17,14.49,-5.31,-11739,301978,2.8,53397
26,Novgorod Oblast,2021,3037708,14.65,16.72,-2.08,3529,422757,3.13,21575
26,Novgorod Oblast,2022,2776352,9.35,15.02,-5.67,-3232,408494,14.67,41767
26,Novgorod Oblast,2023,2831661,9.78,17.98,-8.2,-7505,507414,3.13,37044
26,Novgorod Oblast,2024,2806015,10.19,12.51,-2.31,-8250,715947,3.54,28445
27,Pskov Oblast,2010,3719181,10.74,13.29,-2.55,-4401,254888,9.65,52217
27,Pskov Oblast,2011,3671131,9.7,12.07,-2.37,-1406,186842,2.93,35676
27,Pskov Oblast,2012,3518884,13.29,12.02,1.27,2721,732198,6.22,29199
27,Pskov Oblast,2013,3473419,12.62,17.47,-4.85,-7060,251606,11.72,34418
27,Pskov Oblast,2014,3548083,12.67,17.8,-5.13,-11875,792473,14.72,51752
27,Pskov Oblast,2015,3507226,15.04,14.62,0.42,-6776,427866,6.63,42569
27,Pskov Oblast,2016,3339426,14.49,15.27,-0.78,590,160530,12.73,21605
27,Pskov Oblast,2017,3254712,13.14,13.4,-0.27,-8513,589714,9.93,44126
27,Pskov Oblast,2018,3285184,12.08,14.21,-2.13,371,297077,11.15,29333
27,Pskov Oblast,2019,3282435,10.27,11.62,-1.35,1988,179247,11.68,33652
27,Pskov Oblast,2020,3073120,11.51,14.63,-3.12,-14726,203039,5.73,21114
27,Pskov Oblast,2021,3010493,13.02,12.93,0.09,4306,182770,13.63,43075
27,Pskov Oblast,2022,2943030,11.78,11.63,0.15,-2981,371623,13.97,36263
27,Pskov Oblast,2023,2988438,10.04,15.1,-5.06,843,589634,11.0,57836
27,Pskov Oblast,2024,2924179,10.75,14.64,-3.89,-3130,160558,11.61,32941
28,Bryansk Oblast,2010,3299772,8.92,16.98,-8.06,-12931,411317,11.61,51192
28,Bryansk Oblast,2011,3381498,8.62,10.56,-1.94,-4194,703247,14.47,42629
28,Bryansk Oblast,2012,3260835,12.08,12.57,-0.48,-10194,211727,6.44,23865
28,Bryansk Oblast,2013,3396987,9.63,14.92,-5.28,2472,797119,9.78,52498
28,Bryansk Oblast,2014,3198631,10.58,14.9,-4.32,-12335,561057,4.1,43139
28,Bryansk Oblast,2015,3331914,13.53,17.68,-4.16,-5000,624661,10.24,27465
28,Bryansk Oblast,2016,3373077,13.52,12.34,1.18,-3288,501893,3.58,22281
28,Bryansk Oblast,2017,3155053,9.78,14.23,-4.46,-2244,683043,3.02,39925
28,Bryansk Oblast,2018,3128825,10.92,16.41,-5.49,-7703,566627,8.33,27597
28,Bryansk Oblast,2019,3215731,12.05,17.95,-5.9,-14581,355252,3.21,50661
28,Bryansk Oblast,2020,3095018,13.51,13.57,-0.07,-6754,757574,5.64,24817
28,Bryansk Oblast,2021,3240562,12.26,11.67,0.58,-8213,478855,4.52,46324
28,Bryansk Oblast,2022,3049536,8.4,15.93,-7.52,-1806,437321,10.6,22457
28,Bryansk Oblast,2023,3018437,13.88,18.04,-4.16,-11971,460320,10.02,43269
28,Bryansk Oblast,2024,2979888,8.81,14.1,-5.28,-10823,188067,9.4,43809
29,Vladimir Oblast,2010,4308688,10.84,12.53,-1.69,-3682,740212,7.45,31853
29,Vladimir Oblast,2011,4341563,11.28,15.52,-4.25,1568,202121,8.46,45203
29,Vladimir Oblast,2012,4452525,13.53,18.22,-4.68,-12513,718836,14.64,27086
29,Vladimir Oblast,2013,4337137,11.01,17.4,-6.39,1193,767846,2.78,59300
29,Vladimir Oblast,2014,4450708,8.76,12.52,-3.75,-6202,568571,7.26,22182
29,Vladimir Oblast,2015,4323328,11.09,12.09,-0.99,1409,687121,9.85,34124
29,Vladimir Oblast,2016,4221599,14.33,15.57,-1.24,688,539065,7.68,58317
29,Vladimir Oblast,2017,4395647,10.38,14.48,-4.1,-13808,542833,12.05,40936
29,Vladimir Oblast,2018,4205591,9.68,14.26,-4.58,-11732,269898,5.03,35468
29,Vladimir Oblast,2019,4147186,11.55,15.15,-3.6,-12093,478702,3.28,22846
29,Vladimir Oblast,2020,4103503,12.74,15.03,-2.29,4195,181651,3.73,21762
29,Vladimir Oblast,2021,4125981,12.03,11.0,1.03,-11602,232513,4.04,40742
29,Vladimir Oblast,2022,4070764,10.26,12.09,-1.83,-7357,510575,3.46,20167
29,Vladimir Oblast,2023,4159654,11.86,14.17,-2.31,-8292,265103,3.73,58268
29,Vladimir Oblast,2024,4037988,11.94,14.55,-2.61,-10261,213027,4.74,51900
30,Ivanovo Oblast,2010,3475754,8.95,13.79,-4.84,4850,306435,13.43,53224
30,Ivanovo Oblast,2011,3355700,9.2,16.66,-7.46,-11382,669452,6.68,49234
30,Ivanovo Oblast,2012,3492462,13.04,16.07,-3.03,-6683,506582,7.53,40784
30,Ivanovo Oblast,2013,3383952,15.18,13.19,1.98,-12339,253178,14.37,55184
30,Ivanovo Oblast,2014,3295446,12.26,13.1,-0.84,-3124,524135,4.52,38869
30,Ivanovo Oblast,2015,3243484,11.4,16.43,-5.03,-14496,380640,12.25,42555
30,Ivanovo Oblast,2016,3350090,11.65,17.05,-5.41,-5236,236568,5.77,36763
30,Ivanovo Oblast,2017,3367308,11.47,11.13,0.34,-5075,335656,11.68,20957
30,Ivanovo Oblast,2018,3292303,9.7,14.46,-4.77,-3989,414787,9.02,55862
30,Ivanovo Oblast,2019,3181205,10.24,15.31,-5.06,1203,429287,11.87,56521
30,Ivanovo Oblast,2020,3128128,10.39,11.82,-1.43,-3897,532194,7.83,44616
30,Ivanovo Oblast,2021,3121339,8.29,13.05,-4.76,-6993,677712,2.67,45975
30,Ivanovo Oblast,2022,3236890,14.86,12.75,2.11,-1739,591393,14.15,59877
30,Ivanovo Oblast,2023,3055942,13.51,11.09,2.42,-10378,733300,5.7,28826
30,Ivanovo Oblast,2024,3257483,10.05,15.76,-5.71,-6786,286298,14.71,45824
31,Kaluga Oblast,2010,4780522,13.96,18.5,-4.54,-7128,234966,10.9,49172
31,Kaluga Oblast,2011,4494285,11.95,14.51,-2.56,-95,300946,7.57,30766
31,Kaluga Oblast,2012,4477276,9.85,13.64,-3.8,25,733046,13.08,27312
31,Kaluga Oblast,2013,4495981,10.93,10.74,0.19,-10029,356012,12.61,55019
31,Kaluga Oblast,2014,4448061,10.18,16.13,-5.94,3900,593651,6.65,40023
31,Kaluga Oblast,2015,4410024,10.39,13.45,-3.06,-12253,769051,6.61,46492
31,Kaluga Oblast,2016,4368460,13.8,11.62,2.17,-899,632285,10.97,30092
31,Kaluga Oblast,2017,4281891,8.89,16.86,-7.97,-7332,259381,12.96,41956
31,Kaluga Oblast,2018,4227119,9.78,16.49,-6.72,-5782,688660,12.87,48375
31,Kaluga Oblast,2019,4283520,11.39,16.75,-5.37,-6844,726147,3.09,58456
31,Kaluga Oblast,2020,4157194,12.22,13.3,-1.07,3841,343877,12.19,35724
31,Kaluga Oblast,2021,4113041,10.92,13.7,-2.78,-6186,721944,8.82,40310
31,Kaluga Oblast,2022,3856021,9.51,14.77,-5.27,-6697,424424,12.31,27828
31,Kaluga Oblast,2023,4017337,11.76,14.81,-3.05,-4742,358555,9.95,59829
31,Kaluga Oblast,2024,3863352,11.22,11.82,-0.6,-10915,422151,5.25,20009
32,Kostroma Oblast,2010,4517992,9.54,11.7,-2.16,-6389,227441,8.9,33953
32,Kostroma Oblast,2011,4603958,11.66,12.34,-0.68,-14288,796314,5.41,22153
32,Kostroma Oblast,2012,4708669,10.49,14.18,-3.69,2228,712923,2.62,51121
32,Kostroma Oblast,2013,4786422,11.49,18.12,-6.63,91,311593,9.23,59685
32,Kostroma Oblast,2014,4513847,9.2,14.29,-5.09,-8253,687890,2.51,32312
32,Kostroma Oblast,2015,4557737,10.19,12.11,-1.93,-6652,394963,13.45,56211
32,Kostroma Oblast,2016,4422233,9.15,17.57,-8.42,-9038,358260,4.55,51326
32,Kostroma Oblast,2017,4588640,8.85,11.72,-2.87,3188,273583,12.77,41785
32,Kostroma Oblast,2018,4678093,9.39,16.98,-7.59,388,757617,13.87,52784
32,Kostroma Oblast,2019,4598814,13.95,12.4,1.55,-7458,405658,9.31,26395
32,Kostroma Oblast,2020,4551292,10.77,14.98,-4.21,-2089,251252,9.34,23497
32,Kostroma Oblast,2021,4714348,10.7,12.85,-2.15,4112,769861,6.9,21724
32,Kostroma Oblast,2022,4607271,14.07,11.71,2.36,4625,398050,12.19,33703
32,Kostroma Oblast,2023,4674344,12.39,17.33,-4.95,3352,726854,10.32,52330
32,Kostroma Oblast,2024,4635551,10.27,14.77,-4.5,-3070,679349,7.28,25290
33,Kursk Oblast,2010,1055313,11.04,17.04,-6.0,-7749,685598,5.05,38761
33,Kursk Oblast,2011,1037806,9.46,18.09,-8.63,-14493,598530,6.45,22229
33,Kursk Oblast,2012,1011165,12.16,10.6,1.57,-12056,343685,3.62,56433
33,Kursk Oblast,2013,1019377,9.19,13.38,-4.18,2689,510095,9.18,27818
33,Kursk Oblast,2014,1038427,9.46,14.02,-4.56,196,370235,14.4,49517
33,Kursk Oblast,2015,1009878,8.94,11.73,-2.78,-121,747485,7.8,33685
33,Kursk Oblast,2016,973275,14.46,11.43,3.03,3190,519821,12.03,52472
33,Kursk Oblast,2017,947957,13.06,14.52,-1.46,1101,699275,7.44,22050
33,Kursk Oblast,2018,963319,10.84,17.6,-6.77,-7860,562583,4.83,49974
33,Kursk Oblast,2019,909957,10.51,15.19,-4.68,4345,614831,14.46,37084
33,Kursk Oblast,2020,921599,11.62,16.62,-5.0,-9956,440372,4.04,28239
33,Kursk Oblast,2021,927794,12.31,12.54,-0.23,-374,650335,14.69,42942
33,Kursk Oblast,2022,924937,10.43,17.42,-6.98,-12612,363097,12.7,43892
33,Kursk Oblast,2023,874322,12.86,13.76,-0.9,-11363,429725,4.57,48264
33,Kursk Oblast,2024,879915,11.4,12.85,-1.45,-14170,359343,9.5,54317
34,Lipetsk Oblast,2010,3371265,10.57,10.94,-0.38,-8944,496106,9.56,44023
34,Lipetsk Oblast,2011,3361481,10.31,16.74,-6.43,-447,749692,12.03,43668
34,Lipetsk Oblast,2012,3344398,12.03,17.42,-5.4,-8311,487553,4.97,52206
34,Lipetsk Oblast,2013,3203057,9.64,15.03,-5.39,-6245,329890,9.48,33880
34,Lipetsk Oblast,2014,3112717,13.31,9.8,3.5,3410,157801,9.41,49626
34,Lipetsk Oblast,2015,3196612,12.85,12.92,-0.07,-5330,428947,3.44,24246
34,Lipetsk Oblast,2016,3156765,10.08,13.84,-3.76,-14270,184283,12.93,24718
34,Lipetsk Oblast,2017,3171390,9.38,12.69,-3.31,-6565,175949,8.11,43104
34,Lipetsk Oblast,2018,3014118,10.94,11.2,-0.26,331,778078,14.63,54602
34,Lipetsk Oblast,2019,3085399,11.87,16.11,-4.24,-5887,463311,11.97,31276
34,Lipetsk Oblast,2020,3105018,8.75,14.54,-5.79,-4071,312333,6.79,54081
34,Lipetsk Oblast,2021,3091876,11.66,11.14,0.53,4273,395041,10.04,23188
34,Lipetsk Oblast,2022,3045250,12.34,12.91,-0.57,-6871,721894,10.61,55969
34,Lipetsk Oblast,2023,3016797,12.35,11.88,0.48,3176,644260,10.95,32038
34,Lipetsk Oblast,2024,2996609,11.23,12.27,-1.04,-8476,454562,4.35,59386
35,Orel Oblast,2010,1127121,9.62,15.99,-6.37,-14579,172380,8.07,52666
35,Orel Oblast,2011,1124760,11.06,16.04,-4.98,3763,329118,6.65,48032
35,Orel Oblast,2012,1118127,13.8,12.01,1.78,-7255,333797,6.31,59317
35,Orel Oblast,2013,1097924,15.29,13.43,1.86,2390,267427,14.35,28750
35,Orel Oblast,2014,1079659,10.33,16.25,-5.92,-6108,632540,5.35,22338
35,Orel Oblast,2015,1028526,8.65,13.06,-4.41,-3333,724823,4.4,43912
35,Orel Oblast,2016,1013449,13.67,13.4,0.27,-4907,154779,11.15,46453
35,Orel Oblast,2017,997012,14.67,14.57,0.1,-654,528345,12.47,54574
35,Orel Oblast,2018,982582,10.29,17.41,-7.12,-1056,204094,13.29,39222
35,Orel Oblast,2019,967714,10.84,17.51,-6.67,-3846,185496,14.65,40504
35,Orel Oblast,2020,940808,10.96,13.07,-2.1,-11146,233896,6.22,51201
35,Orel Oblast,2021,905156,9.5,13.21,-3.71,4762,465399,4.74,55645
35,Orel Oblast,2022,927367,11.01,12.98,-1.97,-14212,164200,12.18,25377
35,Orel Oblast,2023,945388,10.93,11.47,-0.54,-6343,498102,8.46,35568
35,Orel Oblast,2024,892529,14.12,15.82,-1.7,3538,775338,8.86,38112
36,Ryazan Oblast,2010,1472744,9.79,13.03,-3.24,-13348,250438,7.99,40418
36,Ryazan Oblast,2011,1452991,9.89,12.94,-3.05,4331,764059,6.69,42834
36,Ryazan Oblast,2012,1478611,8.87,14.1,-5.23,-336,797023,6.09,41528
36,Ryazan Oblast,2013,1468844,11.38,17.61,-6.23,2066,473916,10.04,29090
36,Ryazan Oblast,2014,1544679,12.06,16.83,-4.77,443,260800,7.31,33878
36,Ryazan Oblast,2015,1535469,11.26,17.62,-6.35,-3470,372345,12.62,29531
36,Ryazan Oblast,2016,1501634,9.42,11.18,-1.75,-6089,778529,9.64,54537
36,Ryazan Oblast,2017,1573025,9.93,15.22,-5.29,-639,391828,3.66,38316
36,Ryazan Oblast,2018,1543008,9.94,18.3,-8.36,4332,438235,6.51,41043
36,Ryazan Oblast,2019,1509969,13.44,10.73,2.71,-14014,401087,6.92,32625
36,Ryazan Oblast,2020,1463205,9.7,13.12,-3.42,-6105,524754,14.79,29664
36,Ryazan Oblast,2021,1542065,13.31,12.69,0.62,-1462,191661,9.95,49583
36,Ryazan Oblast,2022,1552635,8.48,15.87,-7.39,-12324,769649,3.41,27963
36,Ryazan Oblast,2023,1536672,11.17,13.41,-2.24,-9205,305188,5.17,36445
36,Ryazan Oblast,2024,1519052,11.24,13.3,-2.06,-13639,355987,5.83,40237
37,Smolensk Oblast,2010,3968118,14.69,12.46,2.23,-13781,606017,2.62,36367
37,Smolensk Oblast,2011,4012155,12.94,12.71,0.23,-6073,622562,11.16,59494
37,Smolensk Oblast,2012,3992922,10.51,18.53,-8.02,-11872,638668,9.6,30986
37,Smolensk Oblast,2013,3765897,12.11,18.59,-6.48,-4625,183257,5.41,39680
37,Smolensk Oblast,2014,4014375,10.53,12.32,-1.79,-9837,451590,4.17,57109
37,Smolensk Oblast,2015,3971309,9.55,16.85,-7.3,-12720,568540,12.93,43094
37,Smolensk Oblast,2016,3998877,13.56,9.5,4.06,-2220,202940,7.94,31706
37,Smolensk Oblast,2017,3864659,13.06,14.9,-1.84,-12865,572211,13.35,53127
37,Smolensk Oblast,2018,4118316,12.37,13.26,-0.9,3859,546744,12.94,48414
37,Smolensk Oblast,2019,3988191,10.02,14.84,-4.82,3613,166018,11.21,49013
37,Smolensk Oblast,2020,3891741,14.6,12.82,1.78,-1996,788613,13.9,37565
37,Smolensk Oblast,2021,3964893,13.68,15.44,-1.76,-6462,454866,14.11,45643
37,Smolensk Oblast,2022,3974984,10.15,17.84,-7.69,-7798,460613,6.94,47300
37,Smolensk Oblast,2023,4085721,10.72,13.45,-2.74,-14204,538493,13.37,55633
37,Smolensk Oblast,2024,3924058,11.02,15.64,-4.62,1425,309025,7.77,53553
38,Tambov Oblast,2010,4278537,9.27,17.76,-8.49,-14024,698423,7.98,33695
38,Tambov Oblast,2011,4395668,12.15,14.85,-2.7,-11268,272350,4.8,22280
38,Tambov Oblast,2012,4374627,8.76,12.23,-3.47,-8465,377249,9.95,30968
38,Tambov Oblast,2013,4241122,9.05,16.04,-7.0,-166,588900,5.07,34099
38,Tambov Oblast,2014,4228766,14.97,15.62,-0.66,-2634,657950,11.29,53378
38,Tambov Oblast,2015,4205468,9.18,13.32,-4.13,-2191,354205,14.47,21336
38,Tambov Oblast,2016,3946522,13.27,12.21,1.06,3296,287614,4.3,50359
38,Tambov Oblast,2017,3859671,11.14,12.57,-1.43,-1331,535895,11.94,32378
38,Tambov Oblast,2018,3760738,14.3,12.37,1.92,-3708,314009,13.94,30627
38,Tambov Oblast,2019,3771743,14.47,16.83,-2.36,-11625,779412,8.16,57828
38,Tambov Oblast,2020,3731893,10.25,13.0,-2.75,911,241899,4.13,45737
38,Tambov Oblast,2021,3700613,10.46,13.88,-3.42,-1457,593736,10.36,30644
38,Tambov Oblast,2022,3713009,14.02,15.34,-1.32,-1514,786971,14.82,47467
38,Tambov Oblast,2023,3600819,9.99,16.56,-6.57,3203,398841,10.38,37205
38,Tambov Oblast,2024,3482558,13.16,17.81,-4.66,-9943,193734,5.85,56488
39,Tver Oblast,2010,3240001,10.9,11.02,-0.13,1460,302770,10.65,36207
39,Tver Oblast,2011,3138956,8.72,17.92,-9.2,4987,287430,5.81,46514
39,Tver Oblast,2012,3153540,14.78,17.17,-2.39,-12285,785334,14.55,26549
39,Tver Oblast,2013,3145675,10.12,16.19,-6.07,-8155,787899,10.37,36646
39,Tver Oblast,2014,3163289,9.41,11.28,-1.86,-12592,527499,14.11,39869
39,Tver Oblast,2015,3159156,13.7,15.8,-2.1,-2253,195952,7.02,41391
39,Tver Oblast,2016,3096487,15.65,13.95,1.7,927,537019,13.58,36437
39,Tver Oblast,2017,3261881,11.87,11.77,0.1,-10769,628423,6.5,40241
39,Tver Oblast,2018,3183203,9.42,17.06,-7.64,-12122,155602,2.75,43464
39,Tver Oblast,2019,3218247,7.13,13.64,-6.51,-355,301462,12.66,43537
39,Tver Oblast,2020,3248331,10.19,15.89,-5.7,-6687,317895,13.34,46770
39,Tver Oblast,2021,3091159,8.37,13.98,-5.6,-3682,745891,12.51,38045
39,Tver Oblast,2022,2950380,13.05,14.19,-1.14,-5721,309782,13.94,33416
39,Tver Oblast,2023,3124216,12.92,14.58,-1.66,-13017,554920,8.09,51119
39,Tver Oblast,2024,3056582,9.77,16.68,-6.9,-791,422300,8.97,23368
40,Tula Oblast,2010,4988666,8.4,18.1,-9.7,-10090,616414,12.21,46936
40,Tula Oblast,2011,4804406,11.91,17.36,-5.46,-7212,626198,11.06,28483
40,Tula Oblast,2012,4813696,10.7,12.58,-1.89,-8229,154609,11.0,53017
40,Tula Oblast,2013,4898949,9.67,14.96,-5.29,-14102,554655,6.36,34749
40,Tula Oblast,2014,4923711,11.39,18.61,-7.22,-5322,733396,13.85,23496
40,Tula Oblast,2015,4795846,14.83,12.79,2.04,1102,702586,6.11,58090
40,Tula Oblast,2016,5057114,13.29,11.62,1.66,-1681,684727,2.67,41680
40,Tula Oblast,2017,4821198,11.09,15.79,-4.7,-4935,647346,8.57,25975
40,Tula Oblast,2018,4694066,14.41,14.74,-0.33,-2463,314579,12.55,52712
40,Tula Oblast,2019,4781614,13.31,16.36,-3.05,-12350,505495,9.33,23578
40,Tula Oblast,2020,4867552,13.94,11.53,2.41,2495,233786,11.5,24046
40,Tula Oblast,2021,4707873,13.14,12.22,0.92,-2215,303193,11.42,54947
40,Tula Oblast,2022,4636561,11.4,12.85,-1.44,-12884,478990,12.68,57446
40,Tula Oblast,2023,4789974,11.86,14.2,-2.34,1964,470438,8.4,39612
40,Tula Oblast,2024,4725329,11.27,15.26,-3.99,-10233,666070,8.58,33361
41,Yaroslavl Oblast,2010,619612,14.23,13.86,0.37,-8858,172853,6.54,41764
41,Yaroslavl Oblast,2011,589470,11.78,16.78,-5.0,-10130,447546,11.99,28239
41,Yaroslavl Oblast,2012,597473,13.08,16.2,-3.11,-8225,516429,5.06,49679
41,Yaroslavl Oblast,2013,601224,10.67,16.5,-5.83,-12467,266037,8.66,23277
41,Yaroslavl Oblast,2014,585874,10.11,14.67,-4.56,-9605,606559,10.74,59565
41,Yaroslavl Oblast,2015,590996,8.24,12.21,-3.96,-4805,345043,4.39,31386
41,Yaroslavl Oblast,2016,579852,11.07,12.66,-1.6,-14639,216515,7.63,57327
41,Yaroslavl Oblast,2017,577892,11.8,13.14,-1.34,-4754,466793,10.31,57847
41,Yaroslavl Oblast,2018,562134,11.95,11.48,0.47,-11253,171106,11.79,48933
41,Yaroslavl Oblast,2019,550419,9.44,12.63,-3.19,-9906,467818,7.59,59462
41,Yaroslavl Oblast,2020,526662,8.6,16.96,-8.36,-4761,492554,9.52,26832
41,Yaroslavl Oblast,2021,527200,11.85,11.99,-0.14,-12287,244658,11.22,45712
41,Yaroslavl Oblast,2022,536388,13.67,12.36,1.31,-10131,697425,5.12,22900
41,Yaroslavl Oblast,2023,510812,15.29,14.98,0.31,-6954,183295,8.71,24932
41,Yaroslavl Oblast,2024,499067,11.71,16.16,-4.45,-11931,388258,7.17,26056
42,Adygea,2010,3972576,8.61,15.03,-6.42,-3428,742372,9.43,26979
42,Adygea,2011,4109220,11.17,16.26,-5.08,2336,731082,14.0,23793
42,Adygea,2012,4126725,13.57,15.56,-1.99,-597,205988,8.3,26959
42,Adygea,2013,3944624,10.67,14.68,-4.01,-2608,581268,12.95,28618
42,Adygea,2014,3975577,15.49,12.37,3.12,-7999,753442,3.32,41976
42,Adygea,2015,3855050,11.71,14.1,-2.39,1873,276712,12.84,42506
42,Adygea,2016,4019421,10.33,14.84,-4.51,4331,443939,4.28,35577
42,Adygea,2017,4031430,15.09,16.89,-1.81,-7996,204117,11.56,32460
42,Adygea,2018,3915381,12.38,15.74,-3.36,-7476,388771,9.07,52351
42,Adygea,2019,3765512,11.87,13.09,-1.22,-9449,756718,11.54,43087
42,Adygea,2020,3902996,12.55,13.1,-0.54,-13370,275670,14.38,36347
42,Adygea,2021,3964680,11.69,15.81,-4.12,-10137,634087,4.6,27597
42,Adygea,2022,3762026,9.94,16.25,-6.31,-6645,197505,5.92,59200
42,Adygea,2023,3931092,12.1,15.0,-2.9,3415,779472,9.26,38328
42,Adygea,2024,3896150,9.12,14.13,-5.01,-5890,528394,6.96,26570
43,Dagestan,2010,2486073,13.07,17.25,-4.18,-10813,175621,11.77,53104
43,Dagestan,2011,2606955,9.88,14.26,-4.38,-3854,632713,6.0,42598
43,Dagestan,2012,2536779,9.83,15.49,-5.66,4812,330629,8.73,33181
43,Dagestan,2013,2631801,12.85,17.42,-4.56,-13804,727589,6.61,32583
43,Dagestan,2014,2562012,12.3,13.5,-1.2,-11016,426116,7.32,56616
43,Dagestan,2015,2579554,15.73,13.43,2.3,3951,648451,5.85,43632
43,Dagestan,2016,2568547,13.96,14.99,-1.03,-3945,224582,4.08,41181
43,Dagestan,2017,2631210,15.96,14.45,1.51,1821,797952,7.88,32811
43,Dagestan,2018,2546904,14.62,12.99,1.63,-14178,375737,5.82,47443
43,Dagestan,2019,2546072,14.61,17.08,-2.48,-2049,779813,11.42,56986
43,Dagestan,2020,2613647,11.9,11.17,0.73,-3150,463620,10.28,20401
43,Dagestan,2021,2587570,13.98,14.86,-0.88,-2924,344301,7.64,28707
43,Dagestan,2022,2561040,14.62,10.52,4.09,-10564,657306,5.01,23202
43,Dagestan,2023,2579350,9.04,16.76,-7.71,2090,594064,3.15,51313
43,Dagestan,2024,2600585,14.02,13.63,0.38,1906,622655,14.76,26227
44,Ingushetia,2010,1191911,9.2,18.71,-9.51,-3907,736060,14.08,20363
44,Ingushetia,2011,1178344,9.39,16.39,-7.01,-5801,544532,4.86,52198
44,Ingushetia,2012,1150204,12.13,14.39,-2.26,-8317,489190,9.82,20339
44,Ingushetia,2013,1127273,13.01,12.35,0.65,98,770863,5.5,32940
44,Ingushetia,2014,1143425,8.87,13.88,-5.01,-7270,423162,9.53,20234
44,Ingushetia,2015,1160012,9.24,13.05,-3.81,-7590,519798,13.52,57676
44,Ingushetia,2016,1095067,12.96,13.43,-0.47,-11178,663833,8.17,32066
44,Ingushetia,2017,1086086,11.21,13.34,-2.13,-12649,313798,14.01,43263
44,Ingushetia,2018,1122016,11.29,15.93,-4.64,-12418,498958,14.21,32334
44,Ingushetia,2019,1056566,13.76,11.82,1.94,-12963,623521,5.0,34850
44,Ingushetia,2020,1076847,9.24,15.9,-6.66,1367,261590,12.6,47715
44,Ingushetia,2021,1002453,11.75,13.14,-1.39,-1684,491036,10.49,33519
44,Ingushetia,2022,1013012,9.47,14.67,-5.2,-5108,731585,5.85,36423
44,Ingushetia,2023,1007554,14.5,17.48,-2.98,-13224,712246,6.51,27133
44,Ingushetia,2024,970764,9.39,12.96,-3.56,-3554,437204,6.83,49858
45,Kabardino-Balkaria,2010,4412038,10.33,12.24,-1.91,-8087,675006,5.58,22530
45,Kabardino-Balkaria,2011,4353845,12.47,13.85,-1.38,2288,351089,11.18,20644
45,Kabardino-Balkaria,2012,4530991,11.23,10.05,1.17,802,291557,10.96,52128
45,Kabardino-Balkaria,2013,4608217,13.01,13.07,-0.06,-3575,634508,7.24,32110
45,Kabardino-Balkaria,2014,4540068,12.49,17.72,-5.22,-13029,300851,11.36,52949
45,Kabardino-Balkaria,2015,4431142,9.62,13.53,-3.91,445,199092,12.84,37106
45,Kabardino-Balkaria,2016,4362157,12.24,11.17,1.08,4230,674720,8.25,28944
45,Kabardino-Balkaria,2017,4427226,9.82,15.7,-5.88,-5457,796466,10.99,22962
45,Kabardino-Balkaria,2018,4458316,14.15,14.42,-0.27,-8913,206197,2.52,37983
45,Kabardino-Balkaria,2019,4457569,15.59,12.47,3.12,-11718,335371,12.41,56230
45,Kabardino-Balkaria,2020,4385936,15.06,13.08,1.97,-12743,715516,10.45,26589
45,Kabardino-Balkaria,2021,4274643,13.01,13.98,-0.97,-4937,355358,11.62,54989
45,Kabardino-Balkaria,2022,4225879,14.81,15.1,-0.3,1517,347277,7.48,32676
45,Kabardino-Balkaria,2023,4256127,14.61,13.23,1.38,-13858,221853,5.24,38574
45,Kabardino-Balkaria,2024,4329117,11.64,14.55,-2.91,-8325,355704,12.17,22082
46,Kalmykia,2010,159256,10.0,17.83,-7.83,-5355,488210,14.69,58630
46,Kalmykia,2011,165216,9.64,12.87,-3.23,-1478,413250,14.14,23560
46,Kalmykia,2012,165532,14.39,13.04,1.35,-11812,779214,13.93,26678
46,Kalmykia,2013,157847,9.11,13.23,-4.12,-3019,196627,5.33,57259
46,Kalmykia,2014,163088,8.7,12.3,-3.6,3191,562028,3.4,56360
46,Kalmykia,2015,165349,14.76,12.55,2.2,-7143,266773,9.73,58319
46,Kalmykia,2016,159946,12.53,13.24,-0.7,-11143,274218,12.11,30623
46,Kalmykia,2017,166338,13.17,13.53,-0.36,3863,755625,5.09,34328
46,Kalmykia,2018,162791,10.9,17.18,-6.28,-5165,732553,12.58,20146
46,Kalmykia,2019,164796,9.85,12.1,-2.25,-14244,568190,5.78,22093
46,Kalmykia,2020,164882,13.73,14.62,-0.89,-10988,289983,6.15,26910
46,Kalmykia,2021,162431,11.07,14.42,-3.35,3688,181501,5.13,42635
46,Kalmykia,2022,161171,11.18,16.23,-5.05,-8588,210788,7.84,25150
46,Kalmykia,2023,167141,13.67,16.18,-2.51,-5041,351522,12.65,54686
46,Kalmykia,2024,161510,12.24,16.08,-3.84,2649,163079,11.91,38950
47,Karachay-Cherkessia,2010,2266282,14.14,14.25,-0.11,-947,771387,9.14,35988
47,Karachay-Cherkessia,2011,2249826,10.65,11.6,-0.95,-1790,456030,4.99,44067
47,Karachay-Cherkessia,2012,2244265,9.5,12.48,-2.98,-26,688151,12.14,21552
47,Karachay-Cherkessia,2013,2162862,13.89,16.51,-2.62,-6411,455958,4.47,21242
47,Karachay-Cherkessia,2014,2148573,14.26,11.03,3.23,3570,526829,10.84,56463
47,Karachay-Cherkessia,2015,2120635,7.99,12.66,-4.67,-7987,394926,9.17,20009
47,Karachay-Cherkessia,2016,2055497,9.73,16.09,-6.36,-9406,274488,8.8,54625
47,Karachay-Cherkessia,2017,1982684,10.76,17.15,-6.39,4191,665230,10.05,39733
47,Karachay-Cherkessia,2018,1958586,8.75,12.15,-3.4,-1665,334787,9.82,43470
47,Karachay-Cherkessia,2019,1958510,10.12,15.57,-5.44,679,406624,10.58,26024
47,Karachay-Cherkessia,2020,1891394,15.29,10.62,4.66,-10896,466603,13.48,41090
47,Karachay-Cherkessia,2021,1835601,12.08,11.4,0.67,2992,742035,14.29,40809
47,Karachay-Cherkessia,2022,1827162,12.68,15.44,-2.77,-14314,473417,4.44,27316
47,Karachay-Cherkessia,2023,1729997,11.57,10.58,0.99,-3520,564312,9.46,49531
47,Karachay-Cherkessia,2024,1730144,10.49,15.44,-4.95,-2037,161932,10.67,44743
48,Karelia,2010,1593852,11.01,15.43,-4.42,-14816,280909,14.49,44536
48,Karelia,2011,1580562,10.44,13.68,-3.24,-593,746885,7.6,27651
48,Karelia,2012,1589034,13.75,11.92,1.82,3149,229612,9.18,55178
48,Karelia,2013,1587272,10.78,12.92,-2.15,-8509,764329,6.03,38434
48,Karelia,2014,1477426,11.9,16.4,-4.5,-1618,232084,14.32,25302
48,Karelia,2015,1507019,13.64,15.96,-2.32,76,292388,8.04,44712
48,Karelia,2016,1442573,14.87,17.78,-2.91,-4633,450174,6.43,43238
48,Karelia,2017,1410545,14.13,15.04,-0.91,-777,183777,13.25,38330
48,Karelia,2018,1376497,11.24,18.17,-6.94,-13063,459436,14.9,50817
48,Karelia,2019,1357542,9.07,13.87,-4.8,601,651296,5.35,56888
48,Karelia,2020,1304686,12.43,14.79,-2.36,-4901,264667,12.66,41670
48,Karelia,2021,1402299,9.28,12.3,-3.03,-4632,223195,14.17,27343
48,Karelia,2022,1288914,10.24,15.67,-5.43,-9655,480923,4.34,44466
48,Karelia,2023,1276039,12.32,17.48,-5.16,3921,309065,4.14,32091
48,Karelia,2024,1254847,8.87,14.14,-5.27,-8228,457732,10.16,54752
49,Komi,2010,3302939,12.92,11.52,1.41,-1629,710801,4.54,52496
49,Komi,2011,3342577,10.45,14.56,-4.11,-9874,273768,10.87,20016
49,Komi,2012,3395479,13.58,11.8,1.78,-8585,776545,10.52,20937
49,Komi,2013,3318926,10.36,12.07,-1.7,-3593,184824,4.26,44901
49,Komi,2014,3313646,11.4,13.18,-1.78,3968,697601,11.53,23119
49,Komi,2015,3192011,9.06,17.82,-8.76,-7717,565601,4.11,37212
49,Komi,2016,3085911,10.77,10.75,0.02,4337,492286,6.29,34503
49,Komi,2017,3141716,11.22,17.79,-6.57,-5352,606863,3.35,27751
49,Komi,2018,3005458,9.5,15.44,-5.93,-10695,710056,14.28,40739
49,Komi,2019,3002021,8.48,13.2,-4.72,3880,407580,11.17,39572
49,Komi,2020,3177715,11.67,13.11,-1.44,-867,761415,6.62,21688
49,Komi,2021,3209084,9.47,16.53,-7.06,-910,445000,9.26,53984
49,Komi,2022,2979921,11.56,13.42,-1.86,-11218,735590,10.93,45330
49,Komi,2023,2979787,8.87,9.85,-0.98,-3223,207994,7.89,26991
49,Komi,2024,2979876,15.83,13.7,2.14,-13105,784316,6.08,36952
50,Mari El,2010,3294881,10.99,10.66,0.33,-13687,598899,9.66,36180
50,Mari El,2011,3273529,11.19,17.02,-5.83,-11485,538125,7.8,37867
50,Mari El,2012,3203791,11.38,14.16,-2.78,-13281,614177,4.95,47603
50,Mari El,2013,3062013,10.59,11.85,-1.26,-12987,351260,10.8,46631
50,Mari El,2014,3016670,8.86,12.01,-3.15,-9407,232815,10.49,23005
50,Mari El,2015,2936582,8.69,16.82,-8.12,-3851,316413,10.64,24650
50,Mari El,2016,2780022,10.94,14.19,-3.26,-10495,317112,8.49,34691
50,Mari El,2017,2959592,13.74,12.67,1.07,1732,573012,10.18,33365
50,Mari El,2018,2810412,11.63,14.37,-2.74,-8140,239859,7.99,39852
50,Mari El,2019,2812261,10.73,18.97,-8.24,-3014,674860,3.87,35891
50,Mari El,2020,2743586,13.16,12.0,1.16,-4142,691380,4.06,25191
50,Mari El,2021,2589943,12.06,13.71,-1.65,-2866,754791,12.96,59819
50,Mari El,2022,2658160,10.56,12.75,-2.19,-3793,623599,6.94,44507
50,Mari El,2023,2428637,13.35,13.31,0.04,-13307,227526,5.31,40007
50,Mari El,2024,2521749,14.05,12.29,1.76,-11162,189790,9.89,59568
51,Mordovia,2010,890037,13.92,15.56,-1.64,3913,415802,10.77,38594
51,Mordovia,2011,885558,10.78,15.51,-4.73,-289,581464,3.92,48824
51,Mordovia,2012,885457,11.7,14.53,-2.83,-12037,635103,2.6,26743
51,Mordovia,2013,895255,14.77,15.24,-0.47,-14974,228103,9.18,47005
51,Mordovia,2014,877883,11.3,12.74,-1.45,-11159,695998,11.56,55790
51,Mordovia,2015,817609,12.53,18.14,-5.6,-11241,556117,6.71,28448
51,Mordovia,2016,798624,9.82,13.73,-3.92,-8589,633872,14.64,37521
51,Mordovia,2017,806345,10.07,17.36,-7.29,2793,436282,13.76,50026
51,Mordovia,2018,791076,10.86,18.56,-7.7,-1652,178500,6.58,44932
51,Mordovia,2019,742778,11.06,13.19,-2.14,-4708,280100,6.49,43672
51,Mordovia,2020,745097,9.26,16.78,-7.52,-673,585100,8.46,45691
51,Mordovia,2021,745956,13.35,13.56,-0.21,-2143,600320,13.39,33693
51,Mordovia,2022,717730,14.0,14.81,-0.8,-4647,525620,11.87,58587
51,Mordovia,2023,717260,12.86,14.5,-1.64,-55,352607,6.33,53513
51,Mordovia,2024,699220,8.8,15.53,-6.73,3719,590779,7.68,47581
52,North Ossetia,2010,1737771,9.49,12.3,-2.81,-4252,696510,2.92,34670
52,North Ossetia,2011,1773451,9.66,17.61,-7.95,-10534,749500,7.82,59420
52,North Ossetia,2012,1765063,8.58,16.12,-7.54,3673,502551,9.09,25645
52,North Ossetia,2013,1686502,8.86,12.62,-3.76,-1694,201154,10.05,26557
52,North Ossetia,2014,1663644,12.04,15.57,-3.53,-8947,580541,4.48,47524
52,North Ossetia,2015,1647540,8.57,15.92,-7.36,-9759,723116,13.65,27857
52,North Ossetia,2016,1624852,11.15,16.81,-5.66,-9349,395716,3.79,48760
52,North Ossetia,2017,1677220,11.27,13.86,-2.58,-8315,166732,6.76,52132
52,North Ossetia,2018,1608556,11.94,11.2,0.73,-8161,750741,2.8,43256
52,North Ossetia,2019,1607821,11.89,14.56,-2.68,-457,150465,14.21,26581
52,North Ossetia,2020,1541213,8.31,12.37,-4.06,-9860,163591,5.29,22260
52,North Ossetia,2021,1558816,8.43,14.35,-5.92,-9930,761349,13.82,42672
52,North Ossetia,2022,1486612,10.41,16.89,-6.48,3881,368364,9.51,23802
52,North Ossetia,2023,1500206,9.13,16.86,-7.73,-11834,446179,10.07,47674
52,North Ossetia,2024,1513814,12.04,14.03,-1.99,1414,549451,12.9,39760
53,Sakha (Yakutia),2010,670271,10.96,13.54,-2.58,-5086,423727,7.63,29253
53,Sakha (Yakutia),2011,663098,8.68,12.0,-3.32,-7843,155493,12.99,21279
53,Sakha (Yakutia),2012,639620,14.66,15.49,-0.83,-1924,401582,10.59,21790
53,Sakha (Yakutia),2013,640303,11.74,16.88,-5.14,-8667,410100,4.38,40142
53,Sakha (Yakutia),2014,612111,13.48,14.92,-1.44,-878,468795,5.72,55397
53,Sakha (Yakutia),2015,598581,10.45,16.83,-6.38,-7104,469940,13.51,36516
53,Sakha (Yakutia),2016,599649,12.39,11.07,1.32,-12724,417124,10.6,48482
53,Sakha (Yakutia),2017,585002,14.09,15.2,-1.11,-9749,229227,8.87,43410
53,Sakha (Yakutia),2018,592212,9.72,15.21,-5.48,3025,256548,7.27,25634
53,Sakha (Yakutia),2019,585235,14.94,12.53,2.41,2875,494375,10.87,53262
53,Sakha (Yakutia),2020,559483,9.09,14.01,-4.92,-3033,170130,5.94,21311
53,Sakha (Yakutia),2021,556913,14.8,14.61,0.18,3434,642354,11.65,48367
53,Sakha (Yakutia),2022,536812,10.13,11.82,-1.69,-6226,658301,12.3,38130
53,Sakha (Yakutia),2023,530977,12.97,11.95,1.03,-12663,327553,5.12,38213
53,Sakha (Yakutia),2024,503640,14.56,15.43,-0.87,-13084,749672,9.61,34549
54,Chuvashia,2010,3801827,13.97,13.27,0.7,-1458,651956,8.42,44709
54,Chuvashia,2011,3801046,11.46,17.58,-6.11,1027,416828,5.38,36243
54,Chuvashia,2012,3666155,12.22,17.57,-5.35,-10087,221031,12.43,23958
54,Chuvashia,2013,3554933,10.06,18.46,-8.4,4594,324379,3.01,48202
54,Chuvashia,2014,3537872,13.04,11.12,1.92,4205,600560,12.52,35905
54,Chuvashia,2015,3543982,10.63,13.75,-3.13,-2364,317127,14.36,26790
54,Chuvashia,2016,3361776,11.3,13.61,-2.31,-345,595819,12.92,29998
54,Chuvashia,2017,3356163,11.56,15.23,-3.67,-8724,242198,5.17,24220
54,Chuvashia,2018,3489341,15.32,15.99,-0.67,-3282,784450,9.15,56212
54,Chuvashia,2019,3440631,8.91,14.16,-5.25,1324,792370,7.36,21896
54,Chuvashia,2020,3350183,10.42,15.05,-4.63,-5007,348389,14.67,46534
54,Chuvashia,2021,3325407,11.64,12.05,-0.41,-11565,494392,6.12,45156
54,Chuvashia,2022,3252837,9.93,10.75,-0.81,567,545571,14.64,34944
54,Chuvashia,2023,3219812,12.85,17.3,-4.44,-4220,337121,4.0,48141
54,Chuvashia,2024,3063647,15.42,11.5,3.92,-8581,313964,9.18,52952
55,Altai Krai,2010,602645,13.95,13.09,0.86,-6954,659138,14.53,25066
55,Altai Krai,2011,599944,9.64,13.64,-4.0,-6275,276615,12.7,52102
55,Altai Krai,2012,605777,12.14,12.04,0.1,-10279,624834,3.0,23790
55,Altai Krai,2013,602561,9.84,15.98,-6.14,2467,406743,6.69,28291
55,Altai Krai,2014,618250,11.53,12.2,-0.68,-3456,192829,4.89,36296
55,Altai Krai,2015,614245,13.12,12.19,0.93,-11519,644493,2.7,42312
55,Altai Krai,2016,612549,12.4,13.4,-1.01,-9097,626711,13.39,27703
55,Altai Krai,2017,629341,9.82,12.37,-2.55,-10940,443714,12.46,43617
55,Altai Krai,2018,654083,10.04,16.85,-6.81,-2417,249227,11.38,47093
55,Altai Krai,2019,624351,10.49,15.99,-5.51,3264,668571,14.02,59140
55,Altai Krai,2020,610226,7.94,18.27,-10.33,-9963,787669,10.17,51741
55,Altai Krai,2021,614256,13.19,15.34,-2.15,-13607,532808,9.01,49688
55,Altai Krai,2022,628044,10.88,10.2,0.69,-8288,784413,13.42,33175
55,Altai Krai,2023,648373,11.51,11.14,0.37,4388,600586,3.39,27574
55,Altai Krai,2024,626225,13.7,16.27,-2.57,-14433,688544,12.35,30361
56,Stavropol Krai,2010,3535603,10.71,13.33,-2.63,-14416,543316,7.45,31946
56,Stavropol Krai,2011,3507758,14.44,14.76,-0.32,-12381,602543,5.08,37649
56,Stavropol Krai,2012,3461256,13.89,15.12,-1.23,716,450596,14.26,39454
56,Stavropol Krai,2013,3510034,11.8,15.24,-3.44,-11404,454042,14.6,50119
56,Stavropol Krai,2014,3512367,13.66,11.46,2.2,-11053,356215,6.02,41234
56,Stavropol Krai,2015,3395474,9.02,11.64,-2.62,-10332,444690,8.96,50544
56,Stavropol Krai,2016,3363799,12.39,11.64,0.75,-7062,633303,9.76,35525
56,Stavropol Krai,2017,3146454,9.81,12.95,-3.14,-4701,260940,10.79,54101
56,Stavropol Krai,2018,3171430,13.99,12.77,1.22,-2879,208260,14.49,48626
56,Stavropol Krai,2019,3140521,13.98,15.3,-1.32,2167,771943,8.74,57261
56,Stavropol Krai,2020,3150181,12.64,10.8,1.84,-6030,787421,6.88,38087
56,Stavropol Krai,2021,3049605,10.13,12.34,-2.21,-3563,314867,5.35,20461
56,Stavropol Krai,2022,2969908,8.88,17.37,-8.49,-11018,532007,3.3,54497
56,Stavropol Krai,2023,2926449,14.59,10.04,4.55,-2185,419051,5.88,28273
56,Stavropol Krai,2024,2849650,10.57,16.6,-6.03,-12650,660683,10.92,24600
57,Khabarovsk Krai,2010,3518689,14.83,13.01,1.82,4136,364483,14.53,56059
57,Khabarovsk Krai,2011,3531090,14.66,13.37,1.28,-9101,159922,5.25,31277
57,Khabarovsk Krai,2012,3255698,11.44,15.87,-4.43,-13295,572560,10.67,58248
57,Khabarovsk Krai,2013,3475107,9.48,14.14,-4.66,1206,237774,8.36,57543
57,Khabarovsk Krai,2014,3343502,9.08,13.36,-4.28,-6510,351060,6.01,58889
57,Khabarovsk Krai,2015,3382085,8.15,15.01,-6.86,-11289,573591,11.41,47521
57,Khabarovsk Krai,2016,3351331,10.54,17.48,-6.95,-5953,425852,4.46,37056
57,Khabarovsk Krai,2017,3263393,11.4,17.22,-5.82,3191,161720,9.46,51493
57,Khabarovsk Krai,2018,3354300,11.6,16.93,-5.33,-5584,720774,9.82,46967
57,Khabarovsk Krai,2019,3268622,11.63,14.25,-2.62,-7237,212198,13.93,23641
57,Khabarovsk Krai,2020,3279616,11.85,14.65,-2.8,-13658,535908,12.15,53128
57,Khabarovsk Krai,2021,3225756,11.82,13.6,-1.78,-7136,402046,6.09,30743
57,Khabarovsk Krai,2022,3121048,14.2,11.86,2.34,-8109,190002,5.87,50736
57,Khabarovsk Krai,2023,3101095,11.7,14.53,-2.84,-4738,585985,13.09,20381
57,Khabarovsk Krai,2024,3120055,11.24,15.08,-3.85,-4407,376050,9.01,46215
58,Primorsky Krai,2010,2148600,11.45,13.09,-1.64,-2194,720368,7.73,56440
58,Primorsky Krai,2011,2180637,14.83,17.39,-2.56,4166,213509,2.69,26444
58,Primorsky Krai,2012,2192221,8.64,15.71,-7.07,-9330,596391,10.93,28859
58,Primorsky Krai,2013,2118170,7.92,16.17,-8.26,1007,447065,10.08,44170
58,Primorsky Krai,2014,2119553,10.91,11.21,-0.3,-6197,209239,11.48,28549
58,Primorsky Krai,2015,2198170,9.07,14.77,-5.7,-7570,441792,9.21,28141
58,Primorsky Krai,2016,2039049,7.99,15.88,-7.89,-859,265363,5.65,52429
58,Primorsky Krai,2017,2195566,14.65,11.71,2.94,-13798,361577,4.3,48397
58,Primorsky Krai,2018,2064649,8.61,16.93,-8.31,-8261,530565,6.45,23477
58,Primorsky Krai,2019,2059179,9.8,14.7,-4.9,-9723,157845,8.99,44230
58,Primorsky Krai,2020,2108153,11.8,14.23,-2.43,-9747,477873,11.8,40128
58,Primorsky Krai,2021,2068062,9.37,13.46,-4.1,-1717,427284,13.61,53809
58,Primorsky Krai,2022,2176274,14.37,15.24,-0.87,-10598,402545,13.32,48976
58,Primorsky Krai,2023,2057057,10.82,12.15,-1.33,-11478,633166,5.65,38166
58,Primorsky Krai,2024,2094075,11.02,11.69,-0.67,-3012,422193,7.9,22157
59,Kamchatka Krai,2010,2588198,9.59,11.79,-2.2,-9971,262821,14.47,54184
59,Kamchatka Krai,2011,2574037,9.3,15.11,-5.8,-11712,672671,12.4,25087
59,Kamchatka Krai,2012,2595230,10.83,12.35,-1.52,-3875,417417,14.35,25054
59,Kamchatka Krai,2013,2537910,10.01,17.75,-7.74,-3671,456641,8.7,49289
59,Kamchatka Krai,2014,2488553,9.43,11.62,-2.19,-12186,615810,7.97,36141
59,Kamchatka Krai,2015,2536463,8.76,13.79,-5.03,-5384,794810,11.08,53654
59,Kamchatka Krai,2016,2559622,11.07,13.59,-2.52,1914,375072,10.68,48372
59,Kamchatka Krai,2017,2408460,12.79,13.14,-0.35,-1994,363853,7.39,30484
59,Kamchatka Krai,2018,2514503,11.53,14.13,-2.6,3871,177222,8.79,43368
59,Kamchatka Krai,2019,2516329,10.19,17.27,-7.08,-6219,179172,14.0,38811
59,Kamchatka Krai,2020,2469453,8.59,13.24,-4.64,-10714,191918,9.68,44881
59,Kamchatka Krai,2021,2490595,14.11,16.4,-2.29,-2018,377653,13.96,25358
59,Kamchatka Krai,2022,2313294,12.3,11.46,0.84,-3297,437894,2.93,32786
59,Kamchatka Krai,2023,2417589,13.69,15.45,-1.75,-9550,690660,14.76,39753
59,Kamchatka Krai,2024,2357717,8.36,14.46,-6.11,-13498,763182,7.06,56503
60,Magadan Oblast,2010,4050763,13.32,15.61,-2.28,-354,655015,13.41,28625
60,Magadan Oblast,2011,3922708,10.17,14.9,-4.73,-6124,521054,9.09,21528
60,Magadan Oblast,2012,4004892,9.72,14.35,-4.63,-12530,787033,7.42,29096
60,Magadan Oblast,2013,3936684,10.14,16.63,-6.49,-13239,730797,7.37,32534
60,Magadan Oblast,2014,3728482,13.72,18.04,-4.32,630,755024,5.57,43078
60,Magadan Oblast,2015,3870437,9.33,13.8,-4.47,-2101,703464,10.11,54126
60,Magadan Oblast,2016,3909545,10.57,12.45,-1.88,-3161,628581,9.64,22670
60,Magadan Oblast,2017,3947554,8.48,12.02,-3.54,-6407,510309,6.61,48817
60,Magadan Oblast,2018,3782975,14.0,16.1,-2.1,-14772,602729,7.2,57704
60,Magadan Oblast,2019,4045447,13.06,12.8,0.26,-8192,459769,6.2,40597
60,Magadan Oblast,2020,3885171,13.64,13.03,0.61,-8976,525849,8.73,43181
60,Magadan Oblast,2021,3969093,10.01,11.21,-1.2,-9930,198260,3.8,52517
60,Magadan Oblast,2022,3880360,10.12,15.75,-5.62,-4647,398272,9.55,24581
60,Magadan Oblast,2023,3856541,14.05,15.33,-1.28,-7722,691628,8.18,48782
60,Magadan Oblast,2024,3798837,9.79,12.88,-3.09,-7055,521358,14.41,40669
61,Sakhalin Oblast,2010,4109956,9.13,16.41,-7.29,2182,298431,5.25,28046
61,Sakhalin Oblast,2011,4044455,12.46,14.27,-1.82,-14390,235676,13.58,50067
61,Sakhalin Oblast,2012,3925232,10.1,16.4,-6.3,683,646135,11.53,28180
61,Sakhalin Oblast,2013,4004983,9.61,15.69,-6.07,-7019,786944,5.32,44486
61,Sakhalin Oblast,2014,3978255,11.3,15.37,-4.06,-4735,716868,6.11,23449
61,Sakhalin Oblast,2015,3971807,12.55,17.37,-4.83,-12291,339340,4.31,52449
61,Sakhalin Oblast,2016,3883625,10.05,14.76,-4.72,-4199,449671,6.57,39026
61,Sakhalin Oblast,2017,3947445,14.61,16.98,-2.37,-1851,731793,7.41,58470
61,Sakhalin Oblast,2018,3987640,11.99,18.19,-6.2,-10107,634985,9.01,30742
61,Sakhalin Oblast,2019,3907261,13.54,14.92,-1.38,-6901,278942,14.52,40458
61,Sakhalin Oblast,2020,3831675,12.39,13.09,-0.7,-6816,503717,9.29,39886
61,Sakhalin Oblast,2021,3835513,9.04,12.0,-2.96,-1810,411165,13.86,45517
61,Sakhalin Oblast,2022,3862677,13.7,16.66,-2.96,2078,261926,5.89,31425
61,Sakhalin Oblast,2023,3840224,8.49,10.94,-2.45,-10362,668663,9.54,20230
61,Sakhalin Oblast,2024,3715716,10.82,15.58,-4.75,-958,618580,11.61,20002
62,Amur Oblast,2010,4842881,15.56,13.69,1.86,3656,199455,8.76,47478
62,Amur Oblast,2011,5010153,14.06,17.71,-3.65,-13713,411540,2.79,33176
62,Amur Oblast,2012,4861115,14.04,12.02,2.02,-4357,323145,13.74,57094
62,Amur Oblast,2013,4699556,10.99,16.77,-5.78,-5481,229679,14.1,38163
62,Amur Oblast,2014,4706897,9.31,13.08,-3.77,-8305,602067,11.23,48157
62,Amur Oblast,2015,4778953,11.69,14.76,-3.07,-11012,349975,3.03,45341
62,Amur Oblast,2016,4705490,12.98,12.83,0.15,497,234309,8.17,40277
62,Amur Oblast,2017,4736804,13.54,11.66,1.88,-9071,332087,4.33,31567
62,Amur Oblast,2018,4809238,11.84,13.02,-1.18,-9194,501772,2.8,23191
62,Amur Oblast,2019,4908604,11.26,11.74,-0.48,1926,625995,10.14,52811
62,Amur Oblast,2020,4659379,11.59,16.5,-4.91,3974,736459,13.45,52056
62,Amur Oblast,2021,4926663,14.5,14.14,0.36,1930,478357,11.85,25558
62,Amur Oblast,2022,4876263,9.12,12.88,-3.77,-833,389100,9.44,23997
62,Amur Oblast,2023,4672790,14.46,15.19,-0.73,-10806,725038,10.2,37149
62,Amur Oblast,2024,4725110,11.03,17.39,-6.37,-6175,615709,7.33,28450
63,Jewish Autonomous Oblast,2010,3249028,11.51,14.48,-2.97,1868,645132,3.23,59936
63,Jewish Autonomous Oblast,2011,3250998,12.93,16.78,-3.84,2528,281075,3.48,51524
63,Jewish Autonomous Oblast,2012,3176948,14.04,15.67,-1.63,-4598,689662,7.74,27759
63,Jewish Autonomous Oblast,2013,3245406,11.04,16.91,-5.87,615,274652,3.13,54945
63,Jewish Autonomous Oblast,2014,3345762,9.4,13.13,-3.73,2526,343686,2.65,32026
63,Jewish Autonomous Oblast,2015,3148479,12.57,16.98,-4.41,-5757,506943,14.36,59944
63,Jewish Autonomous Oblast,2016,3311826,9.64,12.06,-2.42,-14814,449367,8.6,20902
63,Jewish Autonomous Oblast,2017,3225144,12.65,12.88,-0.22,-10354,497620,4.99,40336
63,Jewish Autonomous Oblast,2018,3236899,10.1,12.32,-2.22,-5643,196066,9.98,30576
63,Jewish Autonomous Oblast,2019,3446617,15.9,13.6,2.31,3981,655170,6.07,53768
63,Jewish Autonomous Oblast,2020,3444250,11.51,12.61,-1.1,-977,338917,6.22,31853
63,Jewish Autonomous Oblast,2021,3297365,8.89,15.57,-6.69,-5481,178970,14.63,48642
63,Jewish Autonomous Oblast,2022,3282304,10.33,14.05,-3.72,-12072,272804,13.24,30250
63,Jewish Autonomous Oblast,2023,3452338,12.66,13.33,-0.67,1263,770514,14.07,56370
63,Jewish Autonomous Oblast,2024,3520765,11.56,14.31,-2.76,2679,284541,13.98,52607
64,Chukotka AO,2010,4841672,9.07,13.9,-4.83,2985,555439,2.57,27452
64,Chukotka AO,2011,4951461,9.16,9.71,-0.55,-8030,266466,10.59,38570
64,Chukotka AO,2012,4643336,14.62,13.71,0.91,-3863,753863,7.22,38547
64,Chukotka AO,2013,4937928,8.31,12.67,-4.36,-4109,496001,3.45,47928
64,Chukotka AO,2014,4819596,11.79,14.38,-2.59,-8553,546756,14.24,46869
64,Chukotka AO,2015,5011987,9.47,11.59,-2.12,4777,766895,3.48,57336
64,Chukotka AO,2016,5056324,11.02,14.97,-3.95,-14324,535551,4.83,33837
64,Chukotka AO,2017,5026816,9.74,11.48,-1.75,-12087,171734,8.38,58177
64,Chukotka AO,2018,5054640,13.37,16.8,-3.43,-1058,531433,12.91,22890
64,Chukotka AO,2019,4887725,11.86,13.83,-1.97,-2583,729146,8.7,52988
64,Chukotka AO,2020,4908802,8.79,10.29,-1.49,-641,632833,3.14,28844
64,Chukotka AO,2021,4892560,9.71,12.04,-2.33,3875,672731,4.76,36262
64,Chukotka AO,2022,5133607,11.52,11.45,0.08,-9741,394074,8.72,33724
64,Chukotka AO,2023,5174785,9.94,16.37,-6.43,-11581,178537,10.67,50957
64,Chukotka AO,2024,5032891,10.52,15.43,-4.92,3068,217841,14.78,54409
65,Khanty-Mansi AO,2010,3527482,13.07,10.56,2.51,-7206,632041,7.33,33211
65,Khanty-Mansi AO,2011,3552000,8.94,14.04,-5.1,-12885,582125,6.08,27956
65,Khanty-Mansi AO,2012,3435473,14.56,10.91,3.65,-5328,475680,6.52,25286
65,Khanty-Mansi AO,2013,3612509,13.05,13.8,-0.75,-9253,255232,5.62,28995
65,Khanty-Mansi AO,2014,3546839,12.2,12.43,-0.23,-2166,681218,9.5,30200
65,Khanty-Mansi AO,2015,3607094,8.38,13.21,-4.83,-5893,603748,7.35,26396
65,Khanty-Mansi AO,2016,3593483,11.39,11.56,-0.17,-4852,363797,8.85,20959
65,Khanty-Mansi AO,2017,3623086,11.82,13.46,-1.63,-7337,693120,14.59,37546
65,Khanty-Mansi AO,2018,3492615,10.94,15.67,-4.73,-10381,633276,9.15,52361
65,Khanty-Mansi AO,2019,3532382,13.48,15.88,-2.4,-14947,443087,6.91,42196
65,Khanty-Mansi AO,2020,3558208,9.51,13.02,-3.51,-5385,474253,5.19,30874
65,Khanty-Mansi AO,2021,3643871,13.1,14.93,-1.83,-12234,778015,12.76,28179
65,Khanty-Mansi AO,2022,3683247,9.61,17.64,-8.03,-74,542998,11.08,20734
65,Khanty-Mansi AO,2023,3705417,7.86,11.54,-3.69,-9692,597175,12.41,32271
65,Khanty-Mansi AO,2024,3705087,8.64,12.13,-3.49,-5162,649504,5.27,30779
66,Yamalo-Nenets AO,2010,1297882,13.85,11.86,1.99,-2318,644579,14.83,27216
66,Yamalo-Nenets AO,2011,1304115,12.97,13.6,-0.63,876,452152,9.22,59806
66,Yamalo-Nenets AO,2012,1344312,10.16,14.01,-3.85,-4152,649459,3.62,28446
66,Yamalo-Nenets AO,2013,1312281,11.59,12.86,-1.27,-4719,522547,14.07,45813
66,Yamalo-Nenets AO,2014,1332840,13.53,12.67,0.86,-3802,663287,11.74,45008
66,Yamalo-Nenets AO,2015,1299102,14.41,16.86,-2.45,-9962,655246,14.46,47871
66,Yamalo-Nenets AO,2016,1301448,12.03,14.39,-2.36,-1429,278966,8.67,51665
66,Yamalo-Nenets AO,2017,1352195,12.36,15.77,-3.41,-6813,732018,4.53,59820
66,Yamalo-Nenets AO,2018,1331783,13.47,17.41,-3.94,-12692,414426,13.1,34706
66,Yamalo-Nenets AO,2019,1318556,13.45,17.85,-4.4,-13885,523074,13.29,39255
66,Yamalo-Nenets AO,2020,1355516,10.26,12.14,-1.87,3665,673910,11.16,20201
66,Yamalo-Nenets AO,2021,1391354,11.01,14.03,-3.03,-9732,286412,9.99,23557
66,Yamalo-Nenets AO,2022,1361041,12.91,16.03,-3.12,-7690,758495,3.19,46935
66,Yamalo-Nenets AO,2023,1319209,14.03,13.42,0.61,-659,204775,12.65,48756
66,Yamalo-Nenets AO,2024,1364918,13.31,15.72,-2.41,-12024,512949,13.97,35659
67,Nenets AO,2010,4221520,9.1,19.1,-10.01,-12549,287818,2.87,37357
67,Nenets AO,2011,4210175,12.23,14.67,-2.44,-6099,799678,12.94,55738
67,Nenets AO,2012,4078069,13.74,10.8,2.94,-8929,220594,8.41,47085
67,Nenets AO,2013,4019722,14.87,10.68,4.19,-8382,325367,8.89,37605
67,Nenets AO,2014,3844285,11.32,13.86,-2.55,-11675,377158,11.77,50268
67,Nenets AO,2015,3744397,12.69,17.0,-4.32,-5164,517546,11.44,24385
67,Nenets AO,2016,3688573,13.33,11.82,1.51,-5293,689615,14.38,45370
67,Nenets AO,2017,3767423,9.7,17.49,-7.79,-8504,340703,2.92,52632
67,Nenets AO,2018,3684109,11.26,15.32,-4.06,-12507,707476,13.72,57868
67,Nenets AO,2019,3440739,10.69,13.6,-2.92,-5467,712705,2.9,45754
67,Nenets AO,2020,3383466,13.68,16.31,-2.63,3556,366226,8.79,20563
67,Nenets AO,2021,3376884,9.42,10.72,-1.3,3244,730317,10.67,46889
67,Nenets AO,2022,3358771,8.68,13.93,-5.25,2872,339486,9.53,23989
67,Nenets AO,2023,3281574,12.72,15.21,-2.49,3075,416400,9.06,39085
67,Nenets AO,2024,3282849,11.48,14.29,-2.81,-9836,174535,9.79,29198
68,Altai Republic,2010,844371,12.18,16.27,-4.09,4658,328188,5.03,37686
68,Altai Republic,2011,838930,8.9,15.13,-6.23,-1884,473065,2.9,44492
68,Altai Republic,2012,809494,14.24,12.2,2.04,-7560,700557,12.85,35312
68,Altai Republic,2013,809315,11.86,12.74,-0.88,4441,551412,14.77,33510
68,Altai Republic,2014,797771,10.56,13.93,-3.37,-9742,173236,11.31,39684
68,Altai Republic,2015,802700,8.71,16.44,-7.72,-14589,312094,13.63,48741
68,Altai Republic,2016,827452,12.39,15.28,-2.88,-14210,159405,3.99,45963
68,Altai Republic,2017,840538,11.94,14.32,-2.38,3492,408434,10.31,51192
68,Altai Republic,2018,803651,14.83,13.54,1.29,-9395,184528,12.44,36682
68,Altai Republic,2019,805977,10.15,16.69,-6.55,-3929,550472,8.43,35666
68,Altai Republic,2020,767315,11.26,13.4,-2.14,-4737,307572,4.8,22593
68,Altai Republic,2021,794209,14.42,15.32,-0.9,-1413,455825,7.35,35038
68,Altai Republic,2022,789036,15.15,16.98,-1.83,-2391,345796,2.73,55545
68,Altai Republic,2023,784586,10.06,16.58,-6.52,-10970,302226,9.02,26883
68,Altai Republic,2024,767641,8.95,12.06,-3.11,-14430,559080,14.7,33248
69,Tuva,2010,687769,14.67,14.1,0.57,-4162,209309,10.99,49003
69,Tuva,2011,677966,12.91,16.1,-3.19,-4748,364890,13.26,38950
69,Tuva,2012,662903,14.42,13.63,0.79,1628,328472,9.33,28560
69,Tuva,2013,643160,10.1,18.08,-7.98,4683,162935,11.24,30116
69,Tuva,2014,658962,9.09,10.98,-1.89,-3242,475907,13.42,23360
69,Tuva,2015,677352,13.43,15.92,-2.49,-8797,443368,7.3,37293
69,Tuva,2016,649338,16.03,16.55,-0.52,-7790,429774,7.62,34989
69,Tuva,2017,642864,12.44,11.84,0.6,-8668,590173,8.55,59130
69,Tuva,2018,650879,13.97,16.83,-2.86,3224,683407,4.1,59916
69,Tuva,2019,658381,13.93,12.46,1.47,4528,332819,14.42,22141
69,Tuva,2020,650819,12.2,14.41,-2.2,-888,274026,9.41,30129
69,Tuva,2021,631540,10.82,13.39,-2.56,-758,526975,3.61,47759
69,Tuva,2022,635608,9.24,14.47,-5.23,-7990,708229,4.08,42625
69,Tuva,2023,637790,14.0,14.6,-0.59,-4580,466938,9.73,47569
69,Tuva,2024,628371,9.07,12.4,-3.33,723,395017,3.75,45351
70,Khakassia,2010,4371098,12.97,15.77,-2.8,-4935,452109,14.97,39740
70,Khakassia,2011,4399980,10.34,16.48,-6.14,771,610215,5.68,54483
70,Khakassia,2012,4425747,9.39,17.9,-8.51,-2071,504485,3.14,49820
70,Khakassia,2013,4530425,11.8,15.99,-4.18,-11564,331163,4.49,27826
70,Khakassia,2014,4506004,11.69,12.51,-0.83,-10253,337633,14.22,53026
70,Khakassia,2015,4518501,12.96,14.36,-1.41,-11251,441347,10.01,33095
70,Khakassia,2016,4519747,10.83,16.57,-5.74,3157,386072,6.09,40029
70,Khakassia,2017,4676734,12.12,15.58,-3.47,2059,782356,5.83,48643
70,Khakassia,2018,4635813,11.11,17.83,-6.72,-9964,390708,2.75,40959
70,Khakassia,2019,4621025,12.01,17.4,-5.39,-11765,389773,7.8,34421
70,Khakassia,2020,4520779,12.93,16.74,-3.81,-721,433033,6.18,22000
70,Khakassia,2021,4544608,11.02,15.34,-4.31,389,309113,3.12,53950
70,Khakassia,2022,4396431,10.63,10.69,-0.06,-2756,258254,9.11,43604
70,Khakassia,2023,4504878,10.95,13.58,-2.63,-5940,483373,11.41,30940
70,Khakassia,2024,4563923,10.11,14.04,-3.92,-2594,503730,11.75,48237
71,Buryatia,2010,2837682,13.21,15.29,-2.09,-3348,196154,13.65,21231
71,Buryatia,2011,2754359,15.09,10.38,4.71,-8387,208707,9.53,39161
71,Buryatia,2012,2804369,9.9,16.85,-6.95,3107,416155,14.41,54617
71,Buryatia,2013,2648474,11.08,15.08,-4.0,0,481428,3.81,54331
71,Buryatia,2014,2772908,10.91,14.36,-3.45,3570,533694,10.38,53816
71,Buryatia,2015,2624701,13.71,17.41,-3.7,-6803,794020,8.4,42153
71,Buryatia,2016,2659399,11.68,17.11,-5.43,1053,240692,12.21,45033
71,Buryatia,2017,2580262,13.81,17.44,-3.63,-13178,458047,4.92,28335
71,Buryatia,2018,2703105,12.7,13.01,-0.31,-2025,716271,11.85,54750
71,Buryatia,2019,2730394,9.53,13.61,-4.08,3581,718292,4.18,26911
71,Buryatia,2020,2507679,11.24,16.26,-5.03,4245,574841,12.98,41008
71,Buryatia,2021,2634878,11.38,15.78,-4.41,-7719,773635,8.05,50203
71,Buryatia,2022,2554743,13.63,16.13,-2.5,-5496,764326,5.18,22966
71,Buryatia,2023,2624718,11.57,18.49,-6.92,-6077,517131,8.38,21918
71,Buryatia,2024,2481400,15.29,11.05,4.25,-14932,309438,11.31,23967
72,Zabaykalsky Krai,2010,4503466,8.34,16.6,-8.27,-11236,335430,8.45,58173
72,Zabaykalsky Krai,2011,4571643,9.89,14.25,-4.36,-5881,196284,12.48,29732
72,Zabaykalsky Krai,2012,4395856,14.78,12.46,2.32,4357,460628,11.59,34828
72,Zabaykalsky Krai,2013,4373663,9.08,17.73,-8.64,-13075,532987,10.33,41523
72,Zabaykalsky Krai,2014,4225428,12.27,12.39,-0.12,-14776,307511,10.98,29243
72,Zabaykalsky Krai,2015,4177317,11.98,14.24,-2.26,-7550,446228,4.71,45360
72,Zabaykalsky Krai,2016,4250733,13.23,14.43,-1.2,523,466165,5.31,27806
72,Zabaykalsky Krai,2017,4060867,9.22,15.19,-5.97,-5969,526747,13.46,54709
72,Zabaykalsky Krai,2018,4021244,11.26,16.63,-5.38,-11918,570247,4.78,50020
72,Zabaykalsky Krai,2019,4048494,10.65,13.89,-3.23,-899,297465,12.44,45231
72,Zabaykalsky Krai,2020,3789886,12.17,16.51,-4.34,-6326,281477,5.17,20232
72,Zabaykalsky Krai,2021,3851924,10.85,12.88,-2.03,4180,476561,13.96,48270
72,Zabaykalsky Krai,2022,3782684,10.05,10.41,-0.37,733,370308,12.74,25227
72,Zabaykalsky Krai,2023,3856760,9.13,12.23,-3.1,272,213018,6.89,53489
72,Zabaykalsky Krai,2024,3639535,12.83,16.06,-3.23,-12640,691586,11.32,43093
73,Belgorod Oblast,2010,4523024,9.69,9.43,0.26,4092,233575,11.22,40249
73,Belgorod Oblast,2011,4455819,10.58,10.92,-0.34,-4866,778166,9.69,55597
73,Belgorod Oblast,2012,4371619,13.31,14.24,-0.93,2372,339524,4.11,54212
73,Belgorod Oblast,2013,4508597,14.7,9.73,4.97,-2482,665834,6.01,42271
73,Belgorod Oblast,2014,4417020,13.23,15.04,-1.81,3990,370693,3.85,40260
73,Belgorod Oblast,2015,4205695,9.14,14.22,-5.08,3204,347671,8.12,41750
73,Belgorod Oblast,2016,4448760,9.06,12.0,-2.94,-7254,540131,8.92,47781
73,Belgorod Oblast,2017,4374062,13.73,11.25,2.47,-2755,249376,3.33,28637
73,Belgorod Oblast,2018,4463192,9.41,13.74,-4.33,797,576555,10.11,36471
73,Belgorod Oblast,2019,4141844,13.59,12.76,0.83,2180,199872,3.83,39806
73,Belgorod Oblast,2020,4335278,12.94,14.47,-1.54,-8503,166491,11.88,28590
73,Belgorod Oblast,2021,4314329,12.85,16.87,-4.03,-10822,653844,7.91,27681
73,Belgorod Oblast,2022,4411316,14.4,15.5,-1.09,-8779,358007,6.74,47206
73,Belgorod Oblast,2023,4361324,9.64,12.7,-3.05,-3858,704421,6.44,40946
73,Belgorod Oblast,2024,4240229,12.05,11.95,0.1,-12009,524991,10.72,27784
74,Kurgan Oblast,2010,2045950,12.72,14.18,-1.46,-5841,520067,11.16,43687
74,Kurgan Oblast,2011,2027004,13.53,11.81,1.72,-14244,177959,13.38,47135
74,Kurgan Oblast,2012,2074799,14.8,14.12,0.68,3534,604127,5.71,42563
74,Kurgan Oblast,2013,2073487,12.1,12.47,-0.37,-13953,766626,10.52,55076
74,Kurgan Oblast,2014,1998367,12.52,16.09,-3.57,-7042,769460,11.28,21680
74,Kurgan Oblast,2015,2059971,12.93,14.16,-1.23,-12012,454957,12.89,20619
74,Kurgan Oblast,2016,2124777,13.4,16.61,-3.21,3482,653955,9.68,47825
74,Kurgan Oblast,2017,2093136,14.07,16.98,-2.91,-14194,401170,7.58,26673
74,Kurgan Oblast,2018,2120284,15.21,13.88,1.33,-11659,616469,11.94,23559
74,Kurgan Oblast,2019,2088028,14.16,13.26,0.9,-9646,742537,7.1,21822
74,Kurgan Oblast,2020,2101795,10.21,13.06,-2.85,4922,364202,7.27,44721
74,Kurgan Oblast,2021,2087178,13.58,14.77,-1.19,-5992,570337,14.41,51782
74,Kurgan Oblast,2022,2100718,11.42,13.82,-2.4,-373,793066,5.91,54999
74,Kurgan Oblast,2023,2135452,14.16,11.17,2.98,786,496014,6.15,46231
74,Kurgan Oblast,2024,2069991,8.99,14.75,-5.76,3564,493723,11.92,37572
75,Orenburg Oblast,2010,3769883,11.3,14.15,-2.85,-6041,703333,12.2,31525
75,Orenburg Oblast,2011,3787497,11.58,12.58,-1.0,-1236,790883,12.09,57678
75,Orenburg Oblast,2012,3623060,9.72,14.84,-5.12,2248,705274,2.78,44380
75,Orenburg Oblast,2013,3507424,13.0,14.05,-1.05,-9956,361087,12.93,50472
75,Orenburg Oblast,2014,3621221,10.28,12.5,-2.22,-5283,205882,13.04,48720
75,Orenburg Oblast,2015,3494617,14.78,15.1,-0.32,-2157,170011,11.55,56218
75,Orenburg Oblast,2016,3437227,14.55,18.54,-3.98,-13186,583709,6.04,45603
75,Orenburg Oblast,2017,3308496,10.01,15.08,-5.07,1704,362609,8.6,57645
75,Orenburg Oblast,2018,3290935,10.73,15.19,-4.46,3033,745057,12.21,29133
75,Orenburg Oblast,2019,3277138,9.28,15.73,-6.46,1731,311683,7.9,46717
75,Orenburg Oblast,2020,3240768,10.93,13.74,-2.81,296,744864,7.67,36943
75,Orenburg Oblast,2021,3203659,10.3,14.41,-4.11,-12788,558026,4.83,40408
75,Orenburg Oblast,2022,3217229,11.89,13.69,-1.81,-10380,718263,4.64,37034
75,Orenburg Oblast,2023,3125755,11.26,14.14,-2.89,-3924,616614,13.71,56069
75,Orenburg Oblast,2024,3021182,11.05,12.74,-1.69,-9538,346704,10.15,37533
76,Penza Oblast,2010,3583569,14.87,12.17,2.71,-12224,345019,6.02,44169
76,Penza Oblast,2011,3681450,13.41,13.33,0.08,4315,155353,13.5,27989
76,Penza Oblast,2012,3667149,11.58,14.75,-3.17,-3923,624959,3.03,20447
76,Penza Oblast,2013,3748028,11.67,11.91,-0.24,-6342,278486,9.36,24642
76,Penza Oblast,2014,3668792,9.29,15.0,-5.71,3896,656745,10.03,38198
76,Penza Oblast,2015,3701027,10.88,15.45,-4.57,-10361,180353,14.31,32549
76,Penza Oblast,2016,3640053,13.87,11.05,2.81,2731,624352,4.56,42632
76,Penza Oblast,2017,3736001,10.67,13.65,-2.97,-7029,260426,7.29,54864
76,Penza Oblast,2018,3765431,14.58,12.19,2.39,-7144,152843,5.92,43905
76,Penza Oblast,2019,3722837,13.76,15.29,-1.53,383,428755,11.98,34872
76,Penza Oblast,2020,3810091,10.77,18.31,-7.54,3659,307204,12.48,37322
76,Penza Oblast,2021,3740916,15.28,14.04,1.25,-10443,279577,7.82,50219
76,Penza Oblast,2022,3887224,10.78,14.36,-3.58,-14780,260365,10.66,44483
76,Penza Oblast,2023,3783223,14.04,15.27,-1.23,-8543,504567,4.34,38102
76,Penza Oblast,2024,3769172,14.45,15.37,-0.92,-4880,409116,4.0,36668
77,Ulyanovsk Oblast,2010,444681,11.44,13.48,-2.04,157,494660,11.3,30404
77,Ulyanovsk Oblast,2011,448956,14.25,13.76,0.49,-14844,458940,4.91,45095
77,Ulyanovsk Oblast,2012,434680,15.53,14.45,1.08,-5083,754775,13.62,51432
77,Ulyanovsk Oblast,2013,436435,9.04,15.0,-5.96,2920,419503,2.72,54470
77,Ulyanovsk Oblast,2014,424836,9.5,13.84,-4.35,4719,215450,7.8,32285
77,Ulyanovsk Oblast,2015,416363,12.52,13.28,-0.76,-12332,596141,5.15,54303
77,Ulyanovsk Oblast,2016,410879,9.76,11.87,-2.12,-2802,621968,6.43,53155
77,Ulyanovsk Oblast,2017,390484,12.87,14.8,-1.93,-8131,410586,12.01,39301
77,Ulyanovsk Oblast,2018,387150,14.27,15.34,-1.07,-4079,505568,3.17,35943
77,Ulyanovsk Oblast,2019,394784,12.72,14.24,-1.52,2667,254256,6.74,33408
77,Ulyanovsk Oblast,2020,383718,9.31,13.88,-4.57,-199,558005,7.2,25642
77,Ulyanovsk Oblast,2021,381527,13.18,12.2,0.98,-12788,694919,9.44,47598
77,Ulyanovsk Oblast,2022,372339,14.68,16.29,-1.61,3125,479141,9.93,48325
77,Ulyanovsk Oblast,2023,362158,12.12,14.44,-2.33,-4035,769565,4.75,48965
77,Ulyanovsk Oblast,2024,356502,14.26,16.08,-1.82,2218,684070,4.03,53943
78,Kirov Oblast,2010,2120715,14.28,12.84,1.44,-12995,640344,5.95,37745
78,Kirov Oblast,2011,2092419,9.54,11.56,-2.03,-2056,746326,11.0,52440
78,Kirov Oblast,2012,2058958,14.08,16.98,-2.9,-6715,178961,12.31,47148
78,Kirov Oblast,2013,2091562,11.43,13.56,-2.13,2455,668041,8.94,25229
78,Kirov Oblast,2014,2040431,10.43,17.74,-7.31,-7971,258615,2.92,35428
78,Kirov Oblast,2015,1966268,14.01,17.33,-3.33,-14499,660758,6.52,21499
78,Kirov Oblast,2016,1893315,9.12,11.29,-2.17,-8142,421939,14.11,56430
78,Kirov Oblast,2017,1995827,12.98,14.18,-1.2,-2725,555356,8.52,36026
78,Kirov Oblast,2018,1970624,10.01,10.92,-0.9,-14669,679614,6.99,43216
78,Kirov Oblast,2019,1816963,9.25,18.08,-8.83,-7562,344221,13.23,59944
78,Kirov Oblast,2020,1900428,13.85,14.33,-0.48,-1237,163756,6.71,25779
78,Kirov Oblast,2021,1839916,9.66,14.6,-4.93,-4317,291875,4.55,29471
78,Kirov Oblast,2022,1741245,14.67,14.3,0.37,-8423,574767,5.99,42829
78,Kirov Oblast,2023,1775699,13.45,13.52,-0.07,-5714,752663,13.77,23595
78,Kirov Oblast,2024,1755631,8.64,13.69,-5.05,3989,797876,7.19,43960
79,Udmurtia,2010,4210562,12.32,13.53,-1.21,-13480,602014,5.66,32456
79,Udmurtia,2011,4456196,12.08,14.3,-2.23,-12458,217517,11.38,28353
79,Udmurtia,2012,4086740,9.17,15.05,-5.88,-2531,568857,11.43,31704
79,Udmurtia,2013,4026391,9.57,17.6,-8.03,-14888,177809,5.55,24571
79,Udmurtia,2014,4041822,12.18,12.97,-0.78,-7014,480131,12.63,53564
79,Udmurtia,2015,3943095,13.46,10.69,2.77,-6365,562132,5.71,22087
79,Udmurtia,2016,3905796,8.43,12.25,-3.83,4735,348903,4.09,41822
79,Udmurtia,2017,3840228,10.85,15.63,-4.78,-1669,716026,13.38,43157
79,Udmurtia,2018,3813339,11.84,11.38,0.46,4839,268880,8.38,54881
79,Udmurtia,2019,3669751,8.59,13.44,-4.85,-7530,795561,14.94,24591
79,Udmurtia,2020,3537080,12.98,14.17,-1.19,-3605,294035,11.96,32382
79,Udmurtia,2021,3570818,11.64,16.13,-4.49,-8205,758370,4.56,21686
79,Udmurtia,2022,3555062,11.76,17.91,-6.15,-4335,215042,9.86,51135
79,Udmurtia,2023,3436656,14.18,16.12,-1.94,2614,642477,9.54,24800
79,Udmurtia,2024,3353511,12.55,15.9,-3.36,3212,159639,12.61,57538
80,Chechnya,2010,4080564,15.62,14.56,1.06,1512,758903,12.54,37066
80,Chechnya,2011,3784038,12.61,13.33,-0.72,-11605,150102,11.48,24443
80,Chechnya,2012,3773719,11.63,13.51,-1.88,-12521,474487,6.71,31832
80,Chechnya,2013,3783432,9.09,12.3,-3.21,-13699,783667,11.01,36698
80,Chechnya,2014,3784605,13.97,14.19,-0.22,3531,542150,5.04,56784
80,Chechnya,2015,3644045,14.62,12.87,1.75,-13031,786623,6.2,54835
80,Chechnya,2016,3471456,12.88,14.12,-1.24,844,420445,3.67,39373
80,Chechnya,2017,3495155,8.91,16.66,-7.75,3492,687067,6.68,30897
80,Chechnya,2018,3586411,15.15,12.0,3.15,1644,700126,10.98,58160
80,Chechnya,2019,3391124,11.59,12.97,-1.38,-4037,444459,13.47,24001
80,Chechnya,2020,3408911,8.7,14.33,-5.62,-11837,709392,8.09,56680
80,Chechnya,2021,3201404,11.19,10.72,0.47,-4356,219651,7.4,43570
80,Chechnya,2022,3187947,13.26,17.36,-4.1,3771,356014,10.68,23201
80,Chechnya,2023,3232702,10.16,18.57,-8.42,-6424,715378,8.11,59169
80,Chechnya,2024,3126178,14.39,17.31,-2.92,-13546,693861,4.68,22832
81,Astrakhan Oblast,2010,2009564,14.03,11.72,2.31,-17,517362,8.1,32370
81,Astrakhan Oblast,2011,1962396,13.44,14.89,-1.46,-10234,703209,9.47,28273
81,Astrakhan Oblast,2012,2080706,13.05,13.88,-0.83,-471,212098,7.45,59329
81,Astrakhan Oblast,2013,2009243,10.5,14.18,-3.68,-9,481418,12.64,37483
81,Astrakhan Oblast,2014,2044790,9.6,16.61,-7.01,-3425,570423,14.13,37133
81,Astrakhan Oblast,2015,1988056,11.93,14.59,-2.66,-11212,506116,2.8,50568
81,Astrakhan Oblast,2016,1983109,12.02,12.58,-0.56,-13513,337794,10.34,42647
81,Astrakhan Oblast,2017,2019751,11.36,11.88,-0.52,-11455,717473,11.78,46375
81,Astrakhan Oblast,2018,1988305,10.82,17.61,-6.79,178,343102,7.83,27438
81,Astrakhan Oblast,2019,1972783,9.95,17.73,-7.77,779,643998,6.86,38154
81,Astrakhan Oblast,2020,1944069,12.28,18.16,-5.88,-1594,451282,10.17,30901
81,Astrakhan Oblast,2021,1915828,9.07,13.83,-4.76,-12948,703953,10.02,58434
81,Astrakhan Oblast,2022,1980896,12.8,14.63,-1.82,-14434,159691,4.12,30066
81,Astrakhan Oblast,2023,1897784,8.02,14.59,-6.56,-14726,200471,7.4,26158
81,Astrakhan Oblast,2024,1934565,11.34,14.11,-2.77,-8123,549120,13.26,50128
82,Tomsk Oblast,2010,2860954,8.6,18.79,-10.19,-14240,543594,8.56,24231
82,Tomsk Oblast,2011,2844100,10.37,14.57,-4.2,-13546,614178,11.29,44561
82,Tomsk Oblast,2012,2596331,12.57,12.72,-0.15,-8776,442291,12.57,26464
82,Tomsk Oblast,2013,2754953,9.82,17.34,-7.52,-12390,645746,3.35,20503
82,Tomsk Oblast,2014,2700400,11.23,12.76,-1.52,4831,789090,10.44,37714
82,Tomsk Oblast,2015,2788974,11.36,13.51,-2.15,-13494,197684,4.95,39410
82,Tomsk Oblast,2016,2628021,11.43,10.39,1.04,-2701,785172,3.89,28485
82,Tomsk Oblast,2017,2622708,11.43,18.44,-7.01,-12943,184432,13.2,57090
82,Tomsk Oblast,2018,2632597,13.88,15.04,-1.16,-8709,514721,9.17,52938
82,Tomsk Oblast,2019,2613035,15.61,11.36,4.25,536,391420,2.99,34529
82,Tomsk Oblast,2020,2472113,14.64,11.67,2.97,-8405,403987,11.76,44058
82,Tomsk Oblast,2021,2510496,12.73,16.22,-3.49,-10721,421606,6.15,50604
82,Tomsk Oblast,2022,2425457,9.53,9.76,-0.24,4767,455371,5.71,55649
82,Tomsk Oblast,2023,2362665,11.28,13.82,-2.55,3884,533178,6.81,45026
82,Tomsk Oblast,2024,2398398,12.01,18.09,-6.08,-2710,591788,6.89,32555
83,Yakutia,2010,3396766,11.2,18.1,-6.9,-12193,531788,5.01,51602
83,Yakutia,2011,3380091,14.55,12.43,2.11,2647,771766,6.78,24223
83,Yakutia,2012,3354076,10.45,12.05,-1.6,-1805,360325,6.77,46476
83,Yakutia,2013,3393182,9.44,17.18,-7.73,-9946,362674,9.21,28462
83,Yakutia,2014,3281654,13.51,14.53,-1.02,496,369264,10.41,22008
83,Yakutia,2015,3138646,14.07,14.03,0.04,-13997,407795,7.13,31392
83,Yakutia,2016,3129447,14.54,18.58,-4.04,-8741,523205,8.76,39582
83,Yakutia,2017,3025849,13.31,14.44,-1.13,-1730,716327,12.84,34404
83,Yakutia,2018,3079272,12.46,11.77,0.7,-125,493237,7.64,30751
83,Yakutia,2019,3074008,10.06,17.93,-7.87,619,388333,14.72,37376
83,Yakutia,2020,2923072,10.46,16.56,-6.1,-5824,535844,5.84,45836
83,Yakutia,2021,2945757,10.63,16.23,-5.61,-11370,308893,12.91,44576
83,Yakutia,2022,2881750,14.21,10.82,3.39,-4842,798899,11.19,32335
83,Yakutia,2023,2868164,8.8,16.15,-7.36,-10473,454576,7.81,31555
83,Yakutia,2024,2783863,9.26,13.4,-4.14,-10646,238851,9.39,44216
84,Crimea,2010,3485907,12.32,13.06,-0.74,-9558,207403,12.88,54124
84,Crimea,2011,3457557,9.97,12.38,-2.41,-7131,191687,5.33,51716
84,Crimea,2012,3495430,10.98,12.33,-1.35,309,696050,12.58,20661
84,Crimea,2013,3669920,9.11,18.93,-9.81,-1691,771756,5.02,54558
84,Crimea,2014,3518666,13.04,14.25,-1.21,-6493,542646,3.18,53688
84,Crimea,2015,3502555,12.6,15.11,-2.51,-14746,150782,10.2,27560
84,Crimea,2016,3531569,8.3,13.37,-5.07,-1764,618738,5.69,23569
84,Crimea,2017,3405097,9.33,12.45,-3.13,-9865,215577,10.07,47194
84,Crimea,2018,3537549,11.85,12.62,-0.77,-2737,495152,11.04,45495
84,Crimea,2019,3375107,14.93,13.04,1.89,-1436,736426,7.32,51164
84,Crimea,2020,3438953,12.33,10.71,1.62,-14301,502066,7.35,24043
84,Crimea,2021,3513593,13.79,16.94,-3.15,-10670,321322,5.11,50602
84,Crimea,2022,3435335,14.29,14.59,-0.3,-13493,170447,11.19,37537
84,Crimea,2023,3290189,11.24,14.64,-3.4,-5584,402477,12.76,38046
84,Crimea,2024,3469901,14.24,16.61,-2.37,3187,572007,3.52,25415
85,Sevastopol,2010,846233,12.96,11.99,0.98,-7824,744532,9.69,49527
85,Sevastopol,2011,850793,8.91,14.13,-5.21,-561,676932,7.65,49856
85,Sevastopol,2012,867513,11.68,18.47,-6.79,-8092,417176,4.57,28162
85,Sevastopol,2013,860846,11.19,12.0,-0.81,-9186,301826,11.7,20313
85,Sevastopol,2014,818143,11.67,15.81,-4.14,-1621,575766,8.07,33863
85,Sevastopol,2015,853053,10.91,11.3,-0.39,-8261,639579,6.18,50532
85,Sevastopol,2016,842954,13.76,15.59,-1.84,-7050,286773,9.02,56855
85,Sevastopol,2017,819546,13.17,15.07,-1.9,-4701,679089,11.53,44602
85,Sevastopol,2018,844056,9.46,12.02,-2.56,90,619059,4.26,55081
85,Sevastopol,2019,838822,11.2,13.08,-1.89,-1762,507779,4.03,24507
85,Sevastopol,2020,821749,9.4,12.11,-2.7,-3794,205039,13.8,56284
85,Sevastopol,2021,830842,13.88,15.56,-1.68,-10644,362680,10.36,26906
85,Sevastopol,2022,830371,9.4,14.99,-5.59,3463,636258,10.83,43308
85,Sevastopol,2023,794167,14.29,12.89,1.4,-11487,391732,2.85,25482
85,Sevastopol,2024,807258,9.7,16.54,-6.84,-7533,718474,5.17,33015
86,Donetsk People's Republic,2010,869617,12.8,15.24,-2.44,-9018,383456,11.47,44452
86,Donetsk People's Republic,2011,837782,9.37,12.35,-2.99,-11434,750879,12.03,39254
86,Donetsk People's Republic,2012,842292,9.54,13.74,-4.2,-14274,789611,8.19,34369
86,Donetsk People's Republic,2013,830697,10.65,17.31,-6.66,-6727,769073,12.8,39242
86,Donetsk People's Republic,2014,812191,13.06,11.21,1.85,1341,686215,5.46,32946
86,Donetsk People's Republic,2015,821993,10.83,15.65,-4.82,-9044,186068,2.53,24046
86,Donetsk People's Republic,2016,824009,8.09,15.08,-6.99,3665,277204,12.06,20940
86,Donetsk People's Republic,2017,795785,10.79,11.65,-0.87,-7533,421389,6.26,46264
86,Donetsk People's Republic,2018,806092,10.13,13.05,-2.93,-5899,247263,8.12,31139
86,Donetsk People's Republic,2019,823360,13.86,13.94,-0.08,2536,492884,6.68,28315
86,Donetsk People's Republic,2020,809799,12.15,12.72,-0.57,-4598,410454,9.02,51159
86,Donetsk People's Republic,2021,796515,10.87,14.79,-3.92,-745,723291,7.14,23014
86,Donetsk People's Republic,2022,793326,12.83,14.67,-1.84,102,672438,9.41,39542
86,Donetsk People's Republic,2023,794543,9.12,12.73,-3.62,4073,659354,10.75,40705
86,Donetsk People's Republic,2024,774282,11.58,16.88,-5.31,-14220,701063,13.3,43849
87,Lugansk People's Republic,2010,2947698,13.68,18.45,-4.78,4922,225753,13.12,39992
87,Lugansk People's Republic,2011,3004091,8.11,14.33,-6.22,-6472,760662,7.86,34334
87,Lugansk People's Republic,2012,2940117,12.5,16.84,-4.34,-5957,681362,9.17,33539
87,Lugansk People's Republic,2013,2991972,12.59,11.02,1.57,-9347,587723,2.73,50227
87,Lugansk People's Republic,2014,2870730,10.37,11.16,-0.79,2689,205489,8.05,53976
87,Lugansk People's Republic,2015,2831587,11.65,15.61,-3.96,-13784,304146,7.83,49222
87,Lugansk People's Republic,2016,2950585,12.57,16.36,-3.79,1300,360073,14.78,48344
87,Lugansk People's Republic,2017,2952276,9.31,15.06,-5.75,3897,153983,8.3,20986
87,Lugansk People's Republic,2018,2907055,14.01,11.8,2.21,-7329,761152,11.16,54704
87,Lugansk People's Republic,2019,2898399,14.77,11.02,3.75,-14798,597952,14.76,58625
87,Lugansk People's Republic,2020,2953850,9.68,14.56,-4.88,-211,267682,14.49,45549
87,Lugansk People's Republic,2021,2933294,11.79,18.57,-6.78,4065,588980,9.36,20140
87,Lugansk People's Republic,2022,2939871,8.49,12.42,-3.93,-8901,384042,7.76,23954
87,Lugansk People's Republic,2023,2933215,11.86,14.87,-3.01,-6446,566727,14.42,53584
87,Lugansk People's Republic,2024,2954243,10.73,15.26,-4.53,4626,486904,14.1,36293
88,Zaporozhye Oblast,2010,5004229,10.02,10.83,-0.81,930,337341,4.93,58957
88,Zaporozhye Oblast,2011,5047325,11.66,15.97,-4.31,3293,588386,7.55,54495
88,Zaporozhye Oblast,2012,4957366,14.02,15.74,-1.72,1787,763917,5.91,26786
88,Zaporozhye Oblast,2013,5016765,11.15,11.55,-0.4,-8141,779758,11.19,36053
88,Zaporozhye Oblast,2014,4833427,9.04,11.43,-2.39,-10903,345926,5.01,50970
88,Zaporozhye Oblast,2015,4663534,12.48,18.46,-5.99,4390,262865,5.29,41025
88,Zaporozhye Oblast,2016,4818281,11.85,15.0,-3.15,4176,283911,10.69,21735
88,Zaporozhye Oblast,2017,4613211,8.46,11.24,-2.78,-11569,517151,11.29,28099
88,Zaporozhye Oblast,2018,4680965,12.76,13.34,-0.59,-12754,622381,14.3,44429
88,Zaporozhye Oblast,2019,4730395,12.76,11.93,0.83,-14962,377922,5.52,22492
88,Zaporozhye Oblast,2020,4709186,14.37,13.63,0.75,-4130,214386,6.48,22050
88,Zaporozhye Oblast,2021,4788619,11.2,14.92,-3.72,-4357,432253,7.34,53667
88,Zaporozhye Oblast,2022,4740445,12.99,13.74,-0.75,-13135,179854,3.9,27485
88,Zaporozhye Oblast,2023,4473813,11.56,17.95,-6.4,4098,773287,12.97,34553
88,Zaporozhye Oblast,2024,4633122,11.76,16.95,-5.2,-8095,270836,2.56,40364
